,Company,Customer,Review_number,Language,Comment,Comment Date,Reply,Reply Date,Star,Type,Experience Date
0,Cofidis,Cardoso Nuno,2 reviews,FR,Confidis it's perfect very respectful‚Ä¶,"Jun 5, 2023",Bonjour et merci pour votre retour. Merci √† vous de votre confiance et pour ce t√©moignage. A bient√¥t pour d'autres projets ! Lionel de l'√©quipe Cofidis.,"Jun 6, 2023",5,Invited,"Confidis it's perfect very respectful‚Ä¶Confidis it's perfect very respectful and above all we can buy things and make it much easier for the customers, Top Thank youDate of experience: June 05, 2023"
1,Cofidis,Narumol Pfeffer,1 review,CZ,Premium surcharge rate,"Nov 21, 2022","Bonjour Narumol Pfeffer. Je suis d√©sol√© de voir que la solution de  financement de votre achat propos√©e par le vendeur ne vous convienne pas. Je vous invite √† revenir vers nous pour √©changer sur ce ""10 months free interest"", qui ne correspond pas √† l'un de nos produits connus. A tr√®s vite ! Lionel de l'√©quipe Cofidis.","Nov 30, 2022",1,Invited,"Premium surcharge ratePremium surcharge rate at the last contract is a joke. You can get cheaper rate at your local bank anywhere. And stop saying 10 months free interest when you charge 6.5% on premium. A waste of time!!!!!!Date of experience: November 20, 2022"
2,Cofidis,ALAIN JONES,1 review,FR,The company is excellent,"Jan 4, 2023","Bonjour Alain.Merci, √ßa fait vraiment plaisir ! Nous ferons tout notre possible pour continuer √† vous apporter satisfaction. A bient√¥t ! Antoine de l'√©quipe Cofidis.","Jan 4, 2023",5,Invited,"The company is excellentThe company is excellent. They are very good in all aspects. From enquiries to granting loans,and I always recommend them to my friends.Date of experience: December 29, 2022"
3,Cofidis,Gre Gory,4 reviews,FR,Simple rapide et efficace service‚Ä¶,"Nov 29, 2022","Bonjour Gregory,Rapide et efficace ! Enorme merci. üí™üèª Je vous souhaite une agr√©able journ√©e. Bettina de l'√©quipe Cofidis.","Nov 30, 2022",5,Invited,"Simple rapide et efficace service‚Ä¶Simple rapide et efficace service client au top et d‚Äôune grande gentillesseDate of experience: November 21, 2022"
4,Cofidis,JUANITA DUPORT,1 review,FR,interlocuteurs √† l '√©coute,"Mar 13, 2023",Bonjour Juanita. R√©pondre √† votre demande de la meilleure mani√®re possible est une priorit√© pour nos conseillers ! Nous restons √† votre disposition pour toutes vos futures demandes. Passez une bonne journ√©e ! Valentin de l'√©quipe Cofidis,"Mar 14, 2023",4,Invited,"interlocuteurs √† l '√©couteDate of experience: February 12, 2023"
5,Cofidis,Preetham MYSORE,2 reviews,FR,"Simple, Rapide et Efficace","Feb 23, 2023","Bonjour Preetham.Simple, rapide et efficace !Enorme merci. üí™üèª Je vous souhaite une agr√©able journ√©e.Cyril de l'√©quipe Cofidis.","Feb 23, 2023",5,Invited,"Simple, Rapide et EfficaceSimple, rapide, et efficace :)Date of experience: February 22, 2023"
6,Cofidis,luca garofani,1 review,PT,Top service,"Sep 24, 2022",Bonjour Luca. Merci pour vos recommandations et votre confiance. üëå Je vous souhaite une agr√©able journ√©e. Jean-Michel de l'√©quipe Cofidis.,"Sep 26, 2022",5,Invited,"Top serviceTop service, money on my bank account in 12 hours!The requested documentation is minimum and they do not bother you requesting strange documents or documents in pdf format, etc. Highly recommended!Date of experience: September 22, 2022"
7,Cofidis,Olivier,2 reviews,FR,Simple et rapide,"Mar 30, 2023",Merci pour votre retour. A tr√®s bient√¥t chez Cofidis ! Camille de l'√©quipe Cofidis.,"Mar 30, 2023",5,Invited,"Simple et rapideDate of experience: March 21, 2023"
8,Cofidis,DAMIEN,1 review,FR,Simple et rapide,"Mar 23, 2023",Bonjour Damien. Je vous remercie d'avoir pris le temps de nous laisser cette note 5 √©toiles. N'h√©sitez pas √† nous recontacter si vous avez la moindre question ! Je vous souhaite une bonne journ√©e. Valentin de l'√©quipe Cofidis,"Mar 24, 2023",5,Invited,"Simple et rapideDate of experience: March 07, 2023"
9,Cofidis,DEBORAH MOSSAKOWSKI,1 review,FR,Tr√®s bon service,"Feb 10, 2023","Bonjour D√©borah,Je suis ravi de lire votre t√©moignage. üòä Bonne journ√©e ! J√©r√¥me de l'√©quipe Cofidis.","Feb 13, 2023",5,Invited,"Tr√®s bon serviceDate of experience: January 04, 2023"
10,Cofidis,Lazaro Morejon,3 reviews,FR,excellent service,"Jan 31, 2023","Bonjour Lazaro, merci pour votre retour. A tr√®s bient√¥t chez Cofidis ! Wahiba de l'√©quipe Cofidis.","Jan 31, 2023",5,Invited,"excellent serviceDate of experience: January 05, 2023"
11,Cofidis,BOGRAND,3 reviews,FR,PROFESSIONNEL-EFFICACE-CONDITIONS‚Ä¶,"Apr 5, 2022","Bonjour, Mr Bogrand, merci pour votre message. Votre satisfaction est notre plus belle r√©compense. Nous restons √† votre disposition pour toutes questions ou demandes. Olivier de l'√©quipe Cofidis.","Apr 6, 2022",5,Invited,"PROFESSIONNEL-EFFICACE-CONDITIONS‚Ä¶PROFESSIONNEL-EFFICACE-CONDITIONS CLAIRES-pas DE SURPRISE;j'utilise vos services pour la 2eme fois et je suis satisfait.je recompte les r√©utiliser pour les prochains besoin;Date of experience: March 01, 2022"
12,Cofidis,Beth Peake ,12 reviews,FR,Very easy to sort out and cofidis do‚Ä¶,"Updated Aug 3, 2021",Je suis ravi de lire votre commentaire. Je vous remercie pour le partage de cette exp√©rience qui vous a apport√© satisfaction. Bonne journ√©e. R√©mi de l'√©quipe Cofidis.,"Updated Aug 3, 2021",5,Invited,"Very easy to sort out and cofidis do‚Ä¶Tr√®s facile √† trier et cofidis met tout en ≈ìuvre pour vous aiderVery easy to sort out and cofidis do everything they can to help youDate of experience: August 03, 2021"
13,Cofidis,GERARD CAHOREAU,1 review,FR,Rapide et simple,"Nov 8, 2022",Bonjour Gerard CAHOREAU. Merci pour votre retour. A tr√®s bient√¥t chez Cofidis ! Matthias de l'√©quipe Cofidis.,"Nov 9, 2022",5,Invited,"Rapide et simpleRapide et simple. MerciDate of experience: October 24, 2022"
14,Cofidis,IULIANA IFTIME,1 review,FR,Excellent communication,"May 4, 2022","Bonjour IULIANA IFTIME, Merci pour votre commentaire, c'est un plaisir de pouvoir vous apporter satisfaction. Je vous souhaite une belle journ√©e ! Annick de l'√©quipe Cofidis.","May 5, 2022",5,Invited,"Excellent communicationExcellent communication, attentive √† notre besoin financier.Confirmation rapide et collaboration efficiente.Date of experience: May 04, 2022"
15,Cofidis,Fernandez Gregory,3 reviews,FR,Tr√®s bon contact,"Nov 8, 2022",Bonjour M. Fernandez. Je suis ravi de lire votre t√©moignage. üòä Bonne journ√©e ! Philippe de l'√©quipe Cofidis.,"Nov 9, 2022",5,Invited,"Tr√®s bon contactDate of experience: October 28, 2022"
16,Cofidis,"Van Rossem, Francis",5 reviews,BE,Je trouve que il faut faire attention √†‚Ä¶,"Oct 8, 2021","Bonjour Francis,La Banque de France fixe le taux de l'usure √† partir des taux effectifs moyens pratiqu√©s par les √©tablissements de cr√©dit, augment√©s d‚Äôun tiers. Ainsi, le taux de l‚Äôusure correspond au taux maximum l√©gal que les √©tablissements de cr√©dit (comme Cofidis) sont autoris√©s √† pratiquer lorsqu‚Äôils accordent un cr√©dit. Ce taux varie en fonction du type de pr√™ts. Il est fix√© √† la fin de chaque trimestre pour le trimestre suivant par la Banque de France et publi√© au Journal officiel. A bient√¥t. C√©line de l'√©quipe Cofidis. üòâ","Oct 11, 2021",3,Invited,"Je trouve que il faut faire attention √†‚Ä¶Je trouve que il faut faire attention √† ce que l'on faitCofidis si on empreinte il y a des int√©r√™t √† payerDate of experience: October 08, 2021"
17,Cofidis,PHILIPPE SERIEYS,4 reviews,FR,Excellent contact rapidit√© de mise √†‚Ä¶,"Jan 10, 2022","Bonjour Mr Serieys, merci pour votre message. Votre satisfaction est notre plus belle r√©compense. Nous restons √† votre disposition pour toutes questions ou besoins. Olivier le l'√©quipe Cofidis.","Jan 12, 2022",5,Invited,"Excellent contact rapidit√© de mise √†‚Ä¶Excellent contact rapidit√© de mise √† disposition du pr√™t simplicit√© du dossier √† constituerDate of experience: January 10, 2022"
18,Cofidis,CHRISTOPHE ZAMY,1 review,FR,Interlocuteurs poli,"Oct 18, 2022","Bonjour Christophe, Je vous remercie pour votre retour et vos 4 √©toiles ! A bient√¥t üòäBelle journ√©e. Camille de l'√©quipe Cofidis","Oct 19, 2022",4,Invited,"Interlocuteurs poliInterlocuteurs poli, avenant, r√©actifDate of experience: October 18, 2022"
19,Cofidis,HENRI DUSAUTOIS,1 review,FR,Action r√©action bravo Merci üòä,"Oct 18, 2022",Bonjour HenriJe suis ravie de lire votre t√©moignage. Bonne journ√©e ! Val√©rie de l'√©quipe Cofidis.,"Oct 19, 2022",4,Invited,"Action r√©action bravo Merci üòäDate of experience: October 18, 2022"
20,Cofidis,ZIAN CHAKMA,1 review,FR,It's a pretty good bank for loans,"Aug 3, 2021","Bonjour Monsieur CHAKMA,Merci, √ßa fait vraiment plaisir ! Nous ferons tout notre possible pour continuer √† vous apporter satisfaction. A bient√¥t ! Julien de l'√©quipe Cofidis.","Aug 3, 2021",5,Invited,"It's a pretty good bank for loansIt's a pretty good bank for loans . Even though you work at france and a foreigner.  This bank trusts you :) I  satisfiedDate of experience: August 03, 2021"
21,Cofidis,MARYSE POUMALIOU,1 review,FR,entiere satisfaction sur propositions‚Ä¶,"Aug 21, 2021","Bonjour Maryse ! Je suis ravi de lire votre commentaire ! Je vous remercie pour le partage de cette exp√©rience qui vous a apport√© satisfaction, en esp√©rant pouvoir vous accompagner encore prochainement ! Bonne journ√©e !Laurent de l'√©quipe Cofidis.","Aug 23, 2021",5,Invited,"entiere satisfaction sur propositions‚Ä¶entiere satisfaction sur propositions de differents prets et pour les delais pour cocretisations offresDate of experience: August 21, 2021"
22,Cofidis,Lionel Assepo;,3 reviews,FR,Contact rapide et efficace,"Oct 24, 2022",Bonjour Lionel. Merci pour votre retour. A tr√®s bient√¥t chez Cofidis ! La√©titia l de l'√©quipe Cofidis.,"Oct 25, 2022",5,Invited,"Contact rapide et efficaceDate of experience: October 24, 2022"
23,Cofidis,MARTINE CHAUROIS,1 review,PT,Rapport clintele super par les‚Ä¶,"Jun 30, 2021","Bonjour Martine. Mieux vous √©couter, pour mieux r√©pondre √† vos attentes ! üòÉ Merci pour votre commentaire. A bient√¥t. Christine de l'√©quipe Cofidis.","Jun 30, 2021",5,Invited,"Rapport clintele super par les‚Ä¶Rapport clintele super par les explications et la gentillesse , delai d'attente de virement rapideDate of experience: June 30, 2021"
24,Cofidis,NOEMIE LIEVEQUIN,1 review,FR,Credit √† merveille,"Oct 24, 2022","Bonjour No√©mie,Rapide et efficace ! √ânorme merci. üí™üèª Je vous souhaite une agr√©able journ√©e. A√Øcha de l'√©quipe Cofidis.","Oct 25, 2022",5,Invited,"Credit √† merveilleRapide simple et efficaceDate of experience: October 24, 2022"
25,Cofidis,MODRIC MAHAMOUD,1 review,FR,Interlocuteurs attentionn√© √† la‚Ä¶,"Aug 11, 2021","Bonjour Modric, merci, √ßa fait vraiment plaisir ! Nous ferons tout notre possible pour continuer √† vous apporter satisfaction. A bient√¥t ! S√©bastien de l'√©quipe Cofidis.","Aug 11, 2021",5,Invited,"Interlocuteurs attentionn√© √† la‚Ä¶Interlocuteurs attentionn√© √† la satisfaction client et efficace dans les √©changesDate of experience: August 11, 2021"
26,Cofidis,REXIE ARIESGADO,1 review,FR,"I'm so happy for granting my request,we‚Ä¶","Sep 7, 2021","Bonjour Rexie ! Merci beaucoup pour votre commentaire. Nous sommes heureux de vous proposer les solutions que vous attendiez, belle journ√©e ! Laurent de l'√©quipe Cofidis.","Sep 8, 2021",5,Invited,"I'm so happy for granting my request,we‚Ä¶I'm so happy for granting my request,we really need the money.thank  you so much  Cofidis.Date of experience: September 07, 2021"
27,Cofidis,NATHALIE REBUFFEL,1 review,FR,Simple,"Oct 18, 2022","Bonjour Nathalie. Simple, efficace et rapide ! Enorme merci. üí™üèª Je vous souhaite une agr√©able journ√©e. Christine de l'√©quipe Cofidis.","Oct 19, 2022",4,Invited,"SimpleSimple, efficace et rapide.Date of experience: October 03, 2022"
28,Cofidis,ANGE DIAZ,1 review,FR,Satisfaction,"Jan 16, 2023",Bonjour Ange. Merci pour votre retour. A tr√®s bient√¥t chez Cofidis ! La√©titia l de l'√©quipe Cofidis.,"Jan 17, 2023",5,Invited,"SatisfactionSimple rapide et efficaceDate of experience: December 29, 2022"
29,Cofidis,AGNES CORDELETTE,1 review,FR,Interlocuteurs adorable gentils‚Ä¶,"Aug 3, 2021","Bonjour Madame CORDELETTE,C'est vous qui √™tes adorable ! üòç Merci beaucoup. Excellente et agr√©able journ√©e. Julien de l'√©quipe Cofidis.","Aug 3, 2021",5,Invited,"Interlocuteurs adorable gentils‚Ä¶Interlocuteurs adorable gentils compr√©hensible virement super.rapide merci √† vousDate of experience: August 03, 2021"
30,Cofidis,Ryan,2 reviews,FR,C'est tres tres bien service‚Ä¶,"Aug 30, 2022",Bonjour Ryan. Merci beaucoup pour votre note et votre commentaire. Je vous souhaite une belle journ√©e. Matthias de l'√©quipe Cofidis.,"Aug 31, 2022",5,Invited,"C'est tres tres bien service‚Ä¶C'est tres tres bien service professionelle.!Date of experience: August 30, 2022"
31,Cofidis,biatts lutaaya,5 reviews,GB,Excellent service,"Mar 7, 2023",Bonjour Blatts Lutaaya. Un grand merci pour votre commentaire et vos 5 √©toiles. Belle journ√©e √† vous ! S√©verine de l'√©quipe Cofidis.,"Mar 8, 2023",5,Invited,"Excellent serviceQualit√© de service et communicationDate of experience: March 06, 2023"
32,Cofidis,Madame RODDIER,3 reviews,FR,Le personnel a ete agreable et efficace,"Sep 20, 2022",Bonjour Madame Roddier. Je vous remercie pour cette belle note 5 √©toiles ! ü§© Excellente semaine. Florian de l'√©quipe Cofidis.,"Sep 20, 2022",5,Invited,"Le personnel a ete agreable et efficaceDate of experience: September 12, 2022"
33,Cofidis,client,2 reviews,FR,Super üëçüëçüëçüëçüëç,"Aug 1, 2022","Bonjour,Merci pour votre message. üòä A bient√¥t ! Bettina de l'√©quipe Cofidis. ","Aug 2, 2022",5,Invited,"Super üëçüëçüëçüëçüëçDate of experience: July 26, 2022"
34,Cofidis,GILLES DEMARCQ,3 reviews,FR,Tr√®s bon relationnel,"Sep 27, 2022","Bonjour Gilles, je vous remercie pour votre retour. A tr√®s bient√¥t chez Cofidis ! Wahiba de l'√©quipe Cofidis.","Sep 27, 2022",5,Invited,"Tr√®s bon relationnelTr√®s bon relationnelMerciDate of experience: September 14, 2022"
35,Cofidis,PRASANNA ANACLETE,1 review,FR,Very good and very speed to get my‚Ä¶,"Jul 13, 2021","Bonjour Monsieur ANACLETE Prasanna,Nous sommes ravis de pouvoir vous accompagner pour vos petits et grands projets.A bient√¥t ! üòÄJocelyne de l'√©quipe Cofidis.","Jul 16, 2021",5,Invited,"Very good and very speed to get my‚Ä¶Very good and very speed to get my credit and very satisfied thank you cofidisDate of experience: July 13, 2021"
36,Cofidis,HERVE GAOUYAT,1 review,FR,Tr√©s bon relationnel,"Dec 13, 2021",Bonjour Herv√© ! Mieux vous √©couter pour mieux vous comprendre : voil√† notre secret ! Au plaisir de vous accompagner √† nouveau dans vos projets. Passez de belles f√™tes de fin d'ann√©e ! üéÖüèª Ludivine de l'√©quipe COFIDIS,"Dec 14, 2021",5,Invited,"Tr√©s bon relationnelTr√©s bon relationnel, sans difficult√©s de compr√©hension.Date of experience: December 13, 2021"
37,Cofidis,MARIE THERESE ANDRIOLLO,2 reviews,FR,Bon service,"Oct 5, 2022",Bonjour Marie-Th√©r√®se. Je vous remercie pour votre message et votre note. Je vous souhaite une belle journ√©e. Anthony de l'√©quipe Cofidis.,"Oct 6, 2022",5,Invited,"Bon serviceBon service. Bon contact.Date of experience: September 27, 2022"
38,Cofidis,Sylvie,3 reviews,FR,Rapide simple confiance efficace,"Sep 19, 2022",Bonjour Sylvie. Merci beaucoup pour votre message. A tr√®s vite ! Julien de l'√©quipe Cofidis.,"Sep 19, 2022",5,Invited,"Rapide simple confiance efficaceDate of experience: August 30, 2022"
39,Cofidis,LL,3 reviews,FR,Interlocuteurs professionnels et a l‚Ä¶,"May 11, 2021","Bonjour LL ! Votre satisfaction, c'est notre m√©tier. Merci pour votre commentaire et vos 5 ‚≠ê. A bient√¥t üëã, Ludivine de l'√©quipe COFIDIS.","May 11, 2021",5,Invited,"Interlocuteurs professionnels et a l‚Ä¶Interlocuteurs professionnels et a l ecoute.Transparence des √©changes.Date of experience: May 05, 2021"
40,Cofidis,JEAN CLAUDE DELORT,2 reviews,FR,efficace et interlocuteur tres prensent‚Ä¶,"Feb 15, 2022",Bonjour Jean Claude. Merci pour ce retour d'exp√©rience. Votre satisfaction est notre m√©tier ! üôÇ Bonne journ√©e. Florian de l'√©quipe Cofidis.,"Feb 16, 2022",5,Invited,"efficace et interlocuteur tres prensent‚Ä¶efficace et interlocuteur tres prensent un bon suivi du dossierDate of experience: February 15, 2022"
41,Cofidis,ABDALLAH ZAKOUR,3 reviews,FR,Credit simple rapide interlocuteur‚Ä¶,"Jan 4, 2022",Bonjour Abdallah. Je vous remercie pour votre message et votre note. Je vous souhaite une belle journ√©e. A bient√¥t. Anthony de l'√©quipe Cofidis.,"Jan 5, 2022",5,Invited,"Credit simple rapide interlocuteur‚Ä¶Credit simple rapide interlocuteur comprehensible aimable ouvertDate of experience: January 04, 2022"
42,Cofidis,Pm,1 review,FR,Parfait,"Feb 9, 2022",Bonjour Pierre Maxime. Je vous remercie pour votre retour d'exp√©rience. Votre satisfaction est notre plus belle r√©compense. A bient√¥t. Emmanuelle de l'√©quipe Cofidis.,"Feb 10, 2022",5,Invited,"ParfaitParfait, service clients excellent, communication impeccable.Date of experience: February 09, 2022"
43,Cofidis,JEAN CLAUDE HASENFRATZ,1 review,FR,Top et excellent,"Jan 11, 2023",Bonjour Jean-Claude. Je vous remercie pour votre message et votre note. Je vous souhaite une belle journ√©e. Anthony de l'√©quipe Cofidis.,"Jan 12, 2023",5,Invited,"Top et excellentRapide et efficaceDate of experience: December 09, 2022"
44,Cofidis,H Sylvestre,2 reviews,FR,I‚Äôm really satisfied for you service‚Ä¶,"Jun 14, 2022","HI H Sylvestre. Thank you for your comment, it is a pleasure to be able to bring you satisfaction. I wish you a beautiful day! Florian from the Cofidis team. üëç","Jun 15, 2022",5,Invited,"I‚Äôm really satisfied for you service‚Ä¶I‚Äôm really satisfied for you service really gradeDate of experience: June 14, 2022"
45,Cofidis,SAID,1 review,FR,Excellent travail,"Jan 4, 2023","Bonjour Said,Merci beaucoup pour votre note et votre commentaire. Je vous souhaite une belle journ√©e. Marion de l'√©quipe Cofidis.","Jan 4, 2023",5,Invited,"Excellent travailExcellent travail.Date of experience: January 03, 2023"
46,Cofidis,xxx,1 review,FR,PARFAIT !!!!,"Oct 19, 2022","Bonjour Marmite, merci pour votre message. Votre satisfaction est notre plus belle r√©compense. Nous restons √† votre disposition pour toutes questions ou besoins. Olivier de l'√©quipe Cofidis","Oct 20, 2022",5,Invited,"PARFAIT !!!!Date of experience: October 19, 2022"
47,Cofidis,Frank T,1 review,FR,In general good service,"Sep 26, 2022",Bonjour Frank ! Merci pour votre note et votre commentaire. Je vous souhaite un bon apr√®s-midi. Marie Sophie de l'√©quipe Cofidis.,"Sep 26, 2022",5,Invited,"In general good serviceDate of experience: September 09, 2022"
48,Cofidis,DAVID COQUERET,3 reviews,FR,Top!,"Aug 17, 2022","Bonjour David, c'est vous qui √™tes le meilleur ! üòç Merci beaucoup. Excellente journ√©e. C√©line de l'√©quipe Cofidis.","Aug 18, 2022",5,Invited,"Top!Tr√©s rapide, simple, parfait!Date of experience: August 17, 2022"
49,Cofidis,JASON FOUSSIER,1 review,FR,Rapide et simple,"Jul 26, 2022",Merci beaucoup pour votre message. A tr√®s vite Jason ! Aude de l'√©quipe Cofidis.,"Jul 27, 2022",5,Invited,"Rapide et simpleBon service client, rapide et simpleDate of experience: July 26, 2022"
50,Cofidis,AURELIE MAHIEU,1 review,FR,Parfait,"Jun 6, 2022",Bonjour Aur√©lie.Merci pour votre commentaire et votre note 5 √©toiles ! ü§©A bient√¥t.Cyril de l'√©quipe Cofidis.,"Jun 8, 2022",5,Invited,"ParfaitExcellent service , simple et rapide MerciDate of experience: June 06, 2022"
51,Cofidis,DPC,1 review,FR,AVIS,"Oct 3, 2022","Bonjour Dominique, j'esp√®re que nous avons pu vous accompagner au mieux. Votre message ne me permet pas de connaitre votre ressenti. N'h√©sitez pas √† m'en dire plus dans un prochain message. Belle journ√©e. Laurence de l'√©quipe Cofidis","Oct 4, 2022",4,Invited,"AVIS.../....../...Date of experience: October 03, 2022"
52,Cofidis,Shaun Wilson ,6 reviews,FR,Excellent service and first class‚Ä¶,"Jan 25, 2022","Bonjour Shaun,Merci pour votre commentaire et votre note 5 √©toiles ! ü§© A bient√¥t. C√©line de l'√©quipe Cofidis.","Jan 26, 2022",5,Invited,"Excellent service and first class‚Ä¶Excellent service and first class customer serviceDate of experience: January 25, 2022"
53,Cofidis,Jens Schmidt,15 reviews,DK,Good service,"Oct 3, 2022","Bonjour Jens, merci pour votre message. üòä A bient√¥t ! Alycia de l'√©quipe Cofidis. ","Oct 4, 2022",5,Invited,"Good serviceDate of experience: September 15, 2022"
54,Cofidis,EVELYNE DUCROS,1 review,FR,AVIS FAVORABLE,"Dec 26, 2022",Bonjour Mme Ducros. Merci pour votre retour. A tr√®s bient√¥t chez Cofidis ! Philippe de l'√©quipe Cofidis.,"Dec 26, 2022",4,Invited,"AVIS FAVORABLEEVELYNE DUCROSDate of experience: December 25, 2022"
55,Cofidis,DIDIER FOLLENFANT,1 review,FR,excellent,"Nov 30, 2021","Bonjour Didier.Merci, √ßa fait vraiment plaisir ! Nous ferons tout notre possible pour continuer √† vous apporter satisfaction. A bient√¥t ! Antoine de l'√©quipe Cofidis.","Dec 1, 2021",5,Invited,"excellentexcellent contact et excellente communicationDate of experience: November 30, 2021"
56,Cofidis,el miloud belhadef,2 reviews,FR,Super pro,"Jun 28, 2021",Bonjour El MiloudMerci pour votre retour. A tr√®s bient√¥t chez Cofidis ! Val√©rie de l'√©quipe Cofidis.,"Jun 29, 2021",5,Invited,"Super proService professionnel, simple, efficace et rapideDate of experience: June 28, 2021"
57,Cofidis,MARIA OLIVIA CREDO TIBLE,1 review,FR,Je suos content,"Apr 5, 2022","Bonjour Maria, je suis ravi de lire votre commentaire. Je vous remercie pour le partage de cette exp√©rience qui vous a apport√© satisfaction. En esp√©rant pouvoir vous accompagner encore prochainement ! Bonne journ√©e. S√©bastien de l'√©quipe Cofidis.","Apr 6, 2022",5,Invited,"Je suos contentJe suos content . Un travail excellentDate of experience: April 05, 2022"
58,Cofidis,ALLAN HERBY,1 review,FR,Nickel,"Aug 1, 2022","Bonjour et merci pour votre message. Notre meilleure preuve de s√©rieux et d‚Äôefficacit√© c‚Äôest votre reconnaissance, merci de cette confiance. Votre projet se finance en bleu, blanc, rouge car depuis plus de 40 ans toute l‚Äôentreprise est situ√©e dans le nord, en nous choisissant vous soutenez aussi notre √©conomie ! A bient√¥t pour d‚Äôautres √©changes ! Lionel de l‚Äô√©quipe Cofidis.","Aug 5, 2022",5,Invited,"NickelSuper rapide et efficaceDate of experience: August 01, 2022"
59,Cofidis,ClientLUQUE,3 reviews,FR,Tr√®s bon interlocuteur,"Jul 12, 2022",Bonjour ClientLUQUE. Merci pour ce commentaire. Bonne journ√©e. S√©verine de l'√©quipe Cofidis.,"Jul 15, 2022",4,Invited,"Tr√®s bon interlocuteurDate of experience: July 12, 2022"
60,Cofidis,ELANGKUMARAN THARUMATHASS,1 review,FR,Excellent iwas happy,"Aug 17, 2022","Bonjour. Je vous remercie pour ce message, √ßa fait plaisir ! Belle journ√©e. Julien de l'√©quipe Cofidis.","Aug 18, 2022",5,Invited,"Excellent iwas happyExellent i will happyDate of experience: August 17, 2022"
61,Cofidis,ERIC VERON,1 review,FR,Excellent,"May 3, 2022",Bonjour Eric.Merci beaucoup pour votre note et votre commentaire.Je vous souhaite une belle journ√©e.Cyril de l'√©quipe Cofidis.,"May 3, 2022",5,Invited,"ExcellentExcellent, simple et rapide. MerciDate of experience: May 03, 2022"
62,Cofidis,MARINA K,1 review,FR,Parfait,"Aug 30, 2022","Merci pour votre confiance Marina, je vous souhaite un bon apr√®s-midi ! Julien de l'√©quipe Cofidis.","Aug 30, 2022",5,Invited,"ParfaitParfait! Tres bon!Date of experience: August 30, 2022"
63,Cofidis,PASCALE SENFT,1 review,FR,Contact rapide de la part de vos‚Ä¶,"Nov 2, 2021",Bonjour Pascale.Merci beaucoup pour votre note et votre commentaire. Je vous souhaite une belle journ√©e. Antoine de l'√©quipe Cofidis.,"Nov 3, 2021",5,Invited,"Contact rapide de la part de vos‚Ä¶Contact rapide de la part de vos services.Date of experience: November 02, 2021"
64,Cofidis,ERIC LENFANT,1 review,FR,Super au top merci √† eux,"Jun 14, 2022",Bonjour Eric. Je suis ravi de lire votre t√©moignage. üòä Bonne journ√©e ! Florian de l'√©quipe Cofidis.,"Jun 15, 2022",5,Invited,"Super au top merci √† euxDate of experience: June 14, 2022"
65,Cofidis,CHRISTOPHE MAQUINGHEN,1 review,FR,Excellente communication,"Jul 27, 2021",Bonjour M. Maquinghem. Je suis ravi de lire votre t√©moignage. üòä Bonne journ√©e ! Philippe de l'√©quipe Cofidis.,"Jul 28, 2021",5,Invited,"Excellente communicationExcellente communication, traitement rapide.Date of experience: July 27, 2021"
66,Cofidis,DOMINIQUE PANETIER,1 review,FR,RAS  facile,"Jan 4, 2022","Bonjour Dominique. Rapide, facile et efficace ! √ânorme merci. üí™üèª Je vous souhaite une agr√©able journ√©e. Isabelle de l'√©quipe Cofidis.","Jan 5, 2022",5,Invited,"RAS  facileRAS  facile, Rapide, simple..merci !!!Date of experience: January 04, 2022"
67,Cofidis,DIDIER COPPIN,2 reviews,FR,Rapide simple tr√®s efficace merci,"Jan 25, 2022","Bonjour Didier et merci de votre post. Nous travaillons chaque jour √† vous apporter le meilleur service client du march√©, c'est motivant de vous lire √† ce sujet ! A bient√¥t pour d'autres projets. Lionel de l'√©quipe Cofidis.","Jan 26, 2022",5,Invited,"Rapide simple tr√®s efficace merciDate of experience: January 25, 2022"
68,Cofidis,KARIM DEGACHI,1 review,FR,Satisfaction,"Jul 18, 2022","Bonjour Karim,Je suis ravie de lire votre t√©moignage. üòä Bonne journ√©e ! Virginie de l'√©quipe Cofidis.","Jul 20, 2022",5,Invited,"SatisfactionSatisfaction de cofedisDate of experience: July 18, 2022"
69,Cofidis,De sousa Aurora,3 reviews,FR,R√©activit√© optimale,"May 24, 2022",Bonjour Aurora !Merci pour votre commentaire et votre note 5 √©toiles ! ü§© A bient√¥t. Sabin de l'√©quipe Cofidis.,"May 25, 2022",5,Invited,"R√©activit√© optimaleDate of experience: May 24, 2022"
70,Cofidis,SANDRINE.B,2 reviews,FR,REACTIVITE,"May 18, 2021","Bonjour Sandrine, je vous remercie pour votre commentaire et restons √† votre disposition pour vous accompagner dans tous vos projets. Lionel de l'√©quipe Cofidis.","May 19, 2021",5,Invited,"REACTIVITEREACTIVITE, ECOUTE, EXPLICATIONS...MERCI.Date of experience: May 04, 2021"
71,Cofidis,ALAIN ROUSSEL,1 review,FR,Simple,"Apr 19, 2022",Rapide et efficace ! Enorme merci. üí™üèª Je vous souhaite une agr√©able journ√©e. R√©mi de l'√©quipe Cofidis.,"Apr 21, 2022",5,Invited,"SimpleSimple , rapide , efficace !!!Date of experience: April 19, 2022"
72,Cofidis,LUDOVIC SECHET,1 review,FR,Tres content de vo sercice,"Jun 6, 2022",Bonjour Ludovic.Merci beaucoup pour votre message.A tr√®s vite !Cyril de l'√©quipe Cofidis.,"Jun 8, 2022",4,Invited,"Tres content de vo serciceDate of experience: June 06, 2022"
73,Cofidis,MARTINE LECLERC,1 review,FR,excellent,"Oct 26, 2021","Bonjour Martine, merci pour votre commentaire, c'est un plaisir de pouvoir vous apporter satisfaction. Je vous souhaite une bonne soir√©e ! Wahiba de l'√©quipe Cofidis.","Oct 26, 2021",5,Invited,"excellentexcellent  enti√®re satisfactionDate of experience: October 26, 2021"
74,Cofidis,MARIE DOS SANTOS,2 reviews,FR,Personnel SUPER!!!!!Ne changez rien,"Nov 24, 2021",Merci Marie Dos Santos pour votre retour. A tr√®s bient√¥t chez Cofidis ! Sabin de l'√©quipe Cofidis.,"Nov 24, 2021",5,Invited,"Personnel SUPER!!!!!Ne changez rienDate of experience: November 24, 2021"
75,Cofidis,ERIC ABRACHY,2 reviews,FR,PARFAIT....,"Sep 5, 2022","Bonsoir Eric,Je vous remercie pour votre commentaire et votre note !Je vous souhaite une bonne soir√©e.Insaf de l'√©quipe Cofidis.","Sep 5, 2022",5,Invited,"PARFAIT....Date of experience: September 05, 2022"
76,Cofidis,CHARLES MIKAEL,1 review,FR,Simple,"Dec 13, 2021",Bonjour Charles Mikael. Je suis ravi de lire votre t√©moignage. üòä Bonne journ√©e ! J√©r√¥me de l'√©quipe Cofidis.,"Dec 14, 2021",5,Invited,"SimpleSimple, efficace, et rapidit√©Date of experience: December 13, 2021"
77,Cofidis,MMADI,2 reviews,FR,Excellent,"Jun 6, 2022","Bonjour Mmadi. Merci pour votre commentaire, c'est un plaisir de pouvoir vous apporter satisfaction. Je vous souhaite une belle journ√©e ! Isabelle de l'√©quipe Cofidis.","Jun 8, 2022",5,Invited,"ExcellentExcellent service clientDate of experience: June 06, 2022"
78,Cofidis,AMELIE LEHOUX,1 review,FR,Tr√®s bon service client,"Apr 14, 2022",Bonjour Am√©lie. Merci pour votre commentaire et votre note. Belle journ√©e ! S√©verine de l'√©quipe Cofidis.,"Apr 19, 2022",5,Invited,"Tr√®s bon service clientDate of experience: February 04, 2022"
79,Cofidis,ELB,1 review,FR,Excellent service,"Aug 1, 2022",Bonjour ELB et merci pour votre retour plein de motivation ! üòâ Lionel de l'√©quipe Cofidis.,"Aug 5, 2022",5,Invited,"Excellent serviceDate of experience: August 01, 2022"
80,Cofidis,NASSIM BOUALEM,1 review,FR,Simple rapide est efficace,"May 4, 2022",Merci beaucoup pour votre note et votre commentaire. Je vous souhaite une belle journ√©e. Camille de l'√©quipe Cofidis.,"May 4, 2022",5,Invited,"Simple rapide est efficaceDate of experience: May 04, 2022"
81,Cofidis,PATRICK BONNIN,1 review,FR,Super content,"Aug 22, 2022","Bonjour Patrick,Merci, √ßa fait plaisir ! ü§©Je vous souhaite une tr√®s belle journ√©e.Insaf de l'√©quipe Cofidis.","Aug 23, 2022",5,Invited,"Super contentDate of experience: August 22, 2022"
82,Cofidis,Caroline LECLERC,5 reviews,FR,Efficacit√©,"Jul 27, 2021","Bonjour Caroline. Merci pour votre commentaire, c'est un plaisir de pouvoir vous apporter satisfaction. Je vous souhaite une belle journ√©e ! Christine de l'√©quipe Cofidis.","Jul 28, 2021",5,Invited,"Efficacit√©Top, pro et efficace.Un grand merciDate of experience: July 27, 2021"
83,Cofidis,ALi,1 review,FR,Tr√®s bon service,"Jun 21, 2022",Bonjour Ali ! Je suis ravi de lire votre t√©moignage. üòä Bonne journ√©e ! Laurent de l'√©quipe Cofidis.,"Jun 22, 2022",5,Invited,"Tr√®s bon serviceDate of experience: June 21, 2022"
84,Cofidis,CHRISTIAN COGNAT,1 review,FR,impeccable,"Jul 10, 2022",Bonjour Christian. Merci pour votre commentaire et votre note. Belle journ√©e ! S√©verine de l'√©quipe Cofidis.,"Jul 13, 2022",5,Invited,"impeccableimpeccable, nickelDate of experience: July 10, 2022"
85,Cofidis,MAJDA ,1 review,FR,Parfait,"Apr 26, 2021","Bonjour Majda et merci pour ces √©toiles. Je n'ai pas bien compris le commentaire üòÇ, mais je crois que vous √™tes satisfaite et c'est le principal ! A tr√®s vite ! Lionel de l'√©quipe Cofidis.","Apr 26, 2021",5,Invited,"Parfait,,,,,,,,,,,,,,,,,,,,,,,,,,,,,,,,,,,,Date of experience: April 26, 2021"
86,Cofidis,Kelia ,8 reviews,GB,Process assez simple.,"Jun 8, 2022",Merci pour votre retour. A tr√®s bient√¥t chez Cofidis ! Aude de l'√©quipe Cofidis.,"Jun 9, 2022",5,Invited,"Process assez simple.Date of experience: June 08, 2022"
87,Cofidis,Sadie Cassar Mahoud,4 reviews,FR,Excellent..service irreprochable,"Oct 26, 2021",Bonjour Sadie. Je vous remercie pour votre message et votre note. Je vous souhaite une belle journ√©e. Anthony de l'√©quipe Cofidis.,"Oct 26, 2021",5,Invited,"Excellent..service irreprochableDate of experience: October 26, 2021"
88,Cofidis,CHRISTELE VIALLE,1 review,FR,Tr√®s bon contact.,"May 27, 2022",Bonjour Christele. Merci beaucoup pour votre note et votre commentaire. Je vous souhaite une belle journ√©e. Alexia de l'√©quipe Cofidis.,"May 30, 2022",5,Invited,"Tr√®s bon contact.Date of experience: May 27, 2022"
89,Cofidis,CHRISTIAN LATOUR,2 reviews,FR,acces au credit simple et rapide,"Oct 12, 2021","Bonjour Monsieur LATOUR Nous vous remercions pour votre commentaire et restons, √† votre disposition, pour vous accompagner dans tous vos projets. Catherine de l'√©quipe Cofidis.","Oct 13, 2021",5,Invited,"acces au credit simple et rapideDate of experience: October 12, 2021"
90,Cofidis,GREIVIN DE LOS CAMPOS,1 review,FR,"Rapide,simple et efficace","Apr 7, 2022","Bonjour Greivin,Rapide, simple et efficace ! Un √©norme merci. Je vous souhaite un agr√©able week-end. C√©line de l'√©quipe Cofidis.","Apr 9, 2022",4,Invited,"Rapide,simple et efficaceDate of experience: April 07, 2022"
91,Cofidis,Joby,1 review,FR,Excellent,"Dec 14, 2021","Bonjour Joby, merci beaucoup pour votre commentaire. Nous sommes heureux de vous proposer les solutions que vous attendiez. Bonne journ√©e. S√©bastien de l'√©quipe Cofidis.","Dec 14, 2021",5,Invited,"ExcellentExcellent service. RecommendedDate of experience: December 14, 2021"
92,Cofidis,Coulomb,1 review,FR,Simple rapide efficace disponible.,"Jun 15, 2021","Bonjour Daniel. Je vous remercie pour ce message, √ßa fait plaisir ! Belle journ√©e. J√©r√¥me de l'√©quipe Cofidis.","Jun 16, 2021",5,Invited,"Simple rapide efficace disponible.Date of experience: June 15, 2021"
93,Cofidis,Ennerika Yacana,2 reviews,FR,Tr√®s bonne prise en charge,"Oct 20, 2021","Bonjour Ennerika Yacana,Je suis ravi de lire votre t√©moignage. üòä Bonne journ√©e ! Annick de l'√©quipe Cofidis.","Oct 21, 2021",5,Invited,"Tr√®s bonne prise en chargeDate of experience: October 20, 2021"
94,Cofidis,ROLAND TISSIER,1 review,FR,UN grand merci COFIIDIS,"Apr 25, 2022",Bonjour Roland.Nous sommes ravis de pouvoir vous accompagner pour vos petits et grands projets. A bient√¥t ! Antoine de l'√©quipe Cofidis.,"Apr 26, 2022",5,Invited,"UN grand merci COFIIDISDate of experience: April 25, 2022"
95,Cofidis,Client,2 reviews,FR,rapide et simple,"Jul 10, 2022",Rapide et simple ! Enorme merci. üí™üèª Je vous souhaite une agr√©able journ√©e estivale. Laurence de l'√©quipe Cofidis.,"Jul 13, 2022",5,Invited,"rapide et simpleDate of experience: July 10, 2022"
96,Cofidis,Nabil,2 reviews,FR,Excellent service,"Jun 27, 2022","Bonjour Nabil ! Merci pour votre retour, √† tr√®s bient√¥t chez Cofidis ! Laurent de l'√©quipe Cofidis.","Jun 28, 2022",5,Invited,"Excellent serviceDate of experience: June 27, 2022"
97,Cofidis,Olivier Hazard,2 reviews,FR,Instruction rapide et clair,"Jan 11, 2022","Bonjour Olivier,Merci beaucoup pour votre message. A tr√®s vite ! C√©line de l'√©quipe Cofidis.","Jan 12, 2022",4,Invited,"Instruction rapide et clairDate of experience: January 11, 2022"
98,Cofidis,LOUFOUA AURELIA,2 reviews,FR,Simple,"Feb 1, 2022","Bonjour Aur√©lia,Rapide et efficace ! Enorme merci. üí™üèª Je vous souhaite une agr√©able journ√©e. Insaf de l'√©quipe Cofidis","Feb 1, 2022",5,Invited,"SimpleSimple, rapide et efficaceDate of experience: February 01, 2022"
99,Cofidis,SEBASTIEN LEGRAIN,2 reviews,FR,Efficace,"Jan 31, 2022","Bonjour S√©bastien,Rapide et efficace ! Enorme merci. üí™üèª Je vous souhaite une agr√©able journ√©e. Bettina de l'√©quipe Cofidis.","Jan 31, 2022",5,Invited,"EfficaceSimple, rapide et efficaceDate of experience: January 31, 2022"
100,Cofidis,DOMINIQUE POUCHOULIN,1 review,FR,Contact professionnels et concis,"May 25, 2021",Bonjour Dominique. Je vous remercie pour votre commentaire et votre note. Je vous souhaite un bon apr√®s-midi. Emmanuelle de l'√©quipe Cofidis.,"May 26, 2021",5,Invited,"Contact professionnels et concisDate of experience: May 25, 2021"
101,Cofidis,VALERIE BENOIST,3 reviews,FR,Rapide,"Jan 25, 2022","Bonjour Val√©rie, rapide et efficace ! Enorme merci. üí™üèª Je vous souhaite une agr√©able journ√©e. S√©bastien de l'√©quipe Cofidis.","Jan 25, 2022",5,Invited,"RapideRapide , efficace , simpleDate of experience: January 25, 2022"
102,Cofidis,Syst,17 reviews,FR,Tr√®s bon service,"Apr 27, 2022","Bonjour Syst, je vous remercie pour ce message, √ßa fait plaisir ! Belle journ√©e. Alycia de l'√©quipe Cofidis.","Apr 27, 2022",5,Invited,"Tr√®s bon serviceDate of experience: April 27, 2022"
103,Cofidis,SAID KHFIF,1 review,FR,Rapide,"Jan 11, 2022","Bonjour Mr Khfif, nous vous remercions pour votre message. Votre satisfaction est notre plus belle r√©compense. Nous restons √† votre disposition pour toutes questions ou besoins. Olivier de l'√©quipe Cofidis.","Jan 12, 2022",5,Invited,"RapideRapide, simple et efficaceDate of experience: January 11, 2022"
104,Cofidis,JOSEPHINE NGAKAM YOUMBI,1 review,FR,TRES SAFISTAITE,"Jul 4, 2022",Bonjour Jos√©phine. Un grand merci pour votre note et votre commentaire. Bonne journ√©e ! S√©verine de l'√©quipe Cofidis.,"Jul 5, 2022",5,Invited,"TRES SAFISTAITEDate of experience: July 04, 2022"
105,Cofidis,JIMMY MARCHAND,2 reviews,FR,Simple rapide efficace,"Apr 5, 2022",Bonjour Jimmy.Merci pour votre retour. A tr√®s bient√¥t chez Cofidis ! Antoine de l'√©quipe Cofidis.,"Apr 6, 2022",5,Invited,"Simple rapide efficaceDate of experience: April 05, 2022"
106,Cofidis,DENIS REULLIN,1 review,FR,simple rapide et competant,"Jan 3, 2022","Bonjour Denis,Rapide et efficace ! Enorme merci. üí™üèª Je vous souhaite une agr√©able journ√©e et une excellente ann√©e 2022. A√Øcha de l'√©quipe Cofidis.","Jan 4, 2022",5,Invited,"simple rapide et competantDate of experience: January 03, 2022"
107,Cofidis,PATRICIA SANTOS,1 review,FR,Simple et rapide,"Jun 23, 2022","Bonjour Patricia, merci beaucoup pour votre note et votre commentaire. Je vous souhaite une belle journ√©e. Alycia de l'√©quipe Cofidis.","Jun 24, 2022",5,Invited,"Simple et rapideDate of experience: June 23, 2022"
108,Cofidis,CELINE ROBERT,2 reviews,FR,Super,"Jan 3, 2022","Bonjour C√©line,Rapide et efficace ! Enorme merci. üí™üèª Je vous souhaite une agr√©able journ√©e et une bonne ann√©e 2022. A√Øcha de l'√©quipe Cofidis.","Jan 4, 2022",5,Invited,"SuperRapide te efficace merci.Date of experience: January 03, 2022"
109,Cofidis,MICHEL HAUCOURT,1 review,FR,Service client au top,"Apr 5, 2022","Bonjour Michel,Merci beaucoup pour votre note et votre commentaire.Je vous souhaite une belle journ√©e. Alexandre de l'√©quipe Cofidis.","Apr 6, 2022",5,Invited,"Service client au topDate of experience: April 05, 2022"
110,Cofidis,Client,4 reviews,FR,service clent au top,"Apr 18, 2022",Merci pour votre retour. A tr√®s bient√¥t chez Cofidis ! Aude de l'√©quipe Cofidis.,"Apr 20, 2022",5,Invited,"service clent au topDate of experience: May 03, 2021"
111,Cofidis,Client,9 reviews,FR,Rapide,"Oct 5, 2021","Bonjour, Mieux vous √©couter, pour mieux r√©pondre √† vos attentes ! üòÉ Merci pour votre commentaire. A bient√¥t. Bettina de l'√©quipe Cofidis.","Oct 6, 2021",5,Invited,"RapideSimple, rapide et efficace.Date of experience: October 05, 2021"
112,Cofidis,KARINA MOUNIE,1 review,FR,Super,"May 24, 2022",Bonjour Karina !Merci pour votre retour. A tr√®s bient√¥t chez Cofidis ! Sabin de l'√©quipe Cofidis.,"May 25, 2022",5,Invited,"SuperSuper merci merciDate of experience: May 24, 2022"
113,Cofidis,EMMANUEL YAMB KAMEN,1 review,FR,Nickel,"May 5, 2022","Bonjour Mr Kamen, merci pour votre message. Votre satisfaction est notre plus belle r√©compense. Nous restons √† votre disposition pour toutes questions ou demandes. Olivier de l'√©quipe Cofidis","May 6, 2022",5,Invited,"NickelFranchement NickelDate of experience: May 05, 2022"
114,Cofidis,LOTFI RAMANI,2 reviews,FR,Excellent rapide et efficace,"Jul 6, 2021","Bonjour Monsieur RAMANI,Rapide et efficace ! Enorme merci. üí™üèª Je vous souhaite une agr√©able fin de journ√©e. Julien de l'√©quipe Cofidis.","Jul 6, 2021",5,Invited,"Excellent rapide et efficaceDate of experience: July 06, 2021"
115,Cofidis,DAVID CREPIN,1 review,FR,Tr√®s content,"May 18, 2022",Bonjour David. Merci beaucoup pour votre message. A tr√®s vite ! Julien de l'√©quipe Cofidis.,"May 19, 2022",5,Invited,"Tr√®s contentDate of experience: May 18, 2022"
116,Cofidis,CLEMENT BESOARY,1 review,FR,Simple et rapide,"May 31, 2022","Bonjour Cl√©ment, merci pour votre message. üòä A bient√¥t ! Alycia de l'√©quipe Cofidis. ","Jun 1, 2022",4,Invited,"Simple et rapideDate of experience: May 31, 2022"
117,Cofidis,Leopold,2 reviews,FR,Excellente,"Jul 20, 2021","Bonjour Max, merci beaucoup pour votre note et votre commentaire. Je vous souhaite une belle journ√©e. S√©bastien de l'√©quipe Cofidis.","Jul 22, 2021",5,Invited,"ExcellenteExcellente merci beaucoup .Date of experience: July 20, 2021"
118,Cofidis,Custodio Gomes Pereira,2 reviews,FR,Au top,"Feb 21, 2022","Bonjour Custodio, merci beaucoup pour votre note et votre commentaire. Je vous souhaite une belle journ√©e. Alycia de l'√©quipe Cofidis","Feb 22, 2022",5,Invited,"Au topTr√®s bon contactDate of experience: February 21, 2022"
119,Cofidis,CHRISTELLE PUJOL,2 reviews,FR,Efficace,"Nov 24, 2021",Bonjour Christelle Pujol. Merci beaucoup pour votre note et votre commentaire. Je vous souhaite une belle journ√©e. Matthias de l'√©quipe Cofidis.,"Nov 25, 2021",5,Invited,"EfficaceEfficace Simple RapideDate of experience: November 24, 2021"
120,Cofidis,Client,4 reviews,FR,Rapide simple et efficace,"Oct 12, 2021","Bonjour,Merci pour votre commentaire et votre note 5 √©toiles ! ü§© A bient√¥t. Florian de l'√©quipe Cofidis.","Oct 13, 2021",5,Invited,"Rapide simple et efficaceDate of experience: October 12, 2021"
121,Cofidis,PRANGER,6 reviews,FR,Rapide,"Apr 26, 2021","Bonjour Pranger et merci pour vos √©toiles. Votre projet c'est le plus important, pas nos proc√©dures, c'est pourquoi nous avons simplifi√© au maximum pour un traitement rapide dans le respect des r√®gles √† ce sujet. C'est un plaisir de vous lire ! A tr√®s vite ! Lionel de l'√©quipe Cofidis.","Apr 26, 2021",5,Invited,"RapideRapide, simple et efficace !Date of experience: April 26, 2021"
122,Cofidis,Elizabeth Sheeter,2 reviews,FR,Service parfait!,"May 18, 2022",Bonjour Elizabeth et merci pour ce commentaire tout aussi parfait ! üòÅ A bient√¥t pour d'autres projets ! Lionel de l'√©quipe Cofidis.,"May 19, 2022",5,Invited,"Service parfait!Date of experience: May 18, 2022"
123,Cofidis,VALERIE PERIOT,1 review,FR,Bonne transaction,"May 3, 2022",Bonjour Val√©rieMerci beaucoup pour votre message. A tr√®s vite ! Val√©rie de l'√©quipe Cofidis.,"May 4, 2022",5,Invited,"Bonne transactionDate of experience: May 03, 2022"
124,Cofidis,PAMELA OZKAN,1 review,FR,Parfait,"May 16, 2022","Bonjour Pamela,Merci beaucoup pour votre note et votre commentaire. Je vous souhaite une belle journ√©e. Marion de l'√©quipe Cofidis.","May 17, 2022",5,Invited,"ParfaitParfait, simple.Date of experience: May 16, 2022"
125,Cofidis,FREDERIC MARTIAL,1 review,FR,Simple et efficace,"Apr 12, 2022","Bonjour Fr√©deric, je suis ravie de lire votre t√©moignage. üòä Bonne journ√©e ! Alycia de l'√©quipe Cofidis.","Apr 13, 2022",5,Invited,"Simple et efficaceDate of experience: April 12, 2022"
126,Cofidis,VANESSA REGHEERE,1 review,FR,excellent retour,"Sep 20, 2021",Bonjour Vanessa. Rapide et efficace ! Enorme merci. üí™üèª Je vous souhaite une agr√©able journ√©e. Christine de l'√©quipe Cofidis.,"Sep 21, 2021",5,Invited,"excellent retourrapide simple et efficaceDate of experience: September 20, 2021"
127,Cofidis,SERGE,1 review,FR,Tr√®s bon service,"Jan 31, 2022",Bonjour Serge. Merci beaucoup pour votre message et votre note. Je vous souhaite une bonne journ√©e. Anthony de l'√©quipe Cofidis.,"Jan 31, 2022",5,Invited,"Tr√®s bon serviceDate of experience: January 31, 2022"
128,Cofidis,Emilie,2 reviews,FR,Rapide et simple merci,"Dec 27, 2021","Bonjour EMILIE. Merci pour votre commentaire, c'est un plaisir de pouvoir vous apporter satisfaction. Je vous souhaite une belle journ√©e ! Catherine de l'√©quipe Cofidis.","Dec 28, 2021",5,Invited,"Rapide et simple merciDate of experience: December 15, 2021"
129,Cofidis,EDDY ANGELIQUE,2 reviews,FR,Simples,"Jul 6, 2021","Bonjour Eddy,Rapide et efficace ! Enorme merci. üí™üèª Je vous souhaite une agr√©able journ√©e. Julien de l'√©quipe Cofidis.","Jul 6, 2021",5,Invited,"SimplesSimple, rapide et efficaceDate of experience: July 06, 2021"
130,Cofidis,RISBOURG,3 reviews,FR,Rapide,"Aug 24, 2021",Merci pour votre retour. A tr√®s bient√¥t chez Cofidis ! Sabin de l'√©quipe Cofidis.,"Aug 25, 2021",5,Invited,"RapideRapide SimpleDisponibleDate of experience: August 24, 2021"
131,Cofidis,VARDET SENANI,1 review,FR,rapide discret et simple,"Sep 20, 2021","Bonjour ! Merci pour votre retour, √† tr√®s bient√¥t chez Cofidis ! Laurent de l'√©quipe Cofidis.","Sep 21, 2021",5,Invited,"rapide discret et simpleDate of experience: September 20, 2021"
132,Cofidis,YVES BARAT,1 review,FR,Efficace simple et rapide,"Jul 26, 2021","Bonjour Yves, rapide et efficace ! Un grand merci. üí™üèª Je vous souhaite une agr√©able journ√©e. S√©bastien de l'√©quipe Cofidis.","Jul 27, 2021",5,Invited,"Efficace simple et rapideDate of experience: July 26, 2021"
133,Cofidis,DAOUDA CISSE,1 review,FR,Pour le moment nickel,"Jan 3, 2022",Bonjour Daouda. Je suis ravi de lire votre t√©moignage. üòä Bonne journ√©e ! J√©r√¥me de l'√©quipe Cofidis.,"Jan 4, 2022",4,Invited,"Pour le moment nickelDate of experience: January 03, 2022"
134,Cofidis,MARIE FRANCE BECART,2 reviews,FR,Simple,"Sep 7, 2021",Bonjour Marie-France. Merci pour votre message. üòä A bient√¥t ! Jean-Michel de l'√©quipe Cofidis. ,"Sep 7, 2021",5,Invited,"SimpleSimple. Rapide. EfficaceDate of experience: September 06, 2021"
135,Cofidis,MAEVA DAST,1 review,FR,Simple et rapide,"Apr 25, 2022",Bonjour Maeva. Merci beaucoup pour votre message. A tr√®s vite ! Florian de l'√©quipe Cofidis.,"Apr 26, 2022",5,Invited,"Simple et rapideDate of experience: April 25, 2022"
136,Cofidis,LOISON DANIEL,3 reviews,FR,PARFAIT,"Feb 21, 2022","Bonjour Daniel, Merci pour ce message et ces 5 √©toiles. A tr√®s bient√¥t ! üòÅCamille de l'√©quipe client√®le","Feb 22, 2022",5,Invited,"PARFAITPARFAIT ; excellentDate of experience: February 21, 2022"
137,Cofidis,Frixium,1 review,FR,Service au top !,"Apr 11, 2022","Bonjour Frixium,C'est vous qui √™tes la meilleure ! üòç Merci beaucoup. Excellente et agr√©able journ√©e. C√©line de l'√©quipe Cofidis.","Apr 12, 2022",5,Invited,"Service au top !Date of experience: April 11, 2022"
138,Cofidis,FREDERIC SERGENT,1 review,FR,Rapide et simple,"Apr 11, 2022","Bonjour Fr√©d√©ric Sergent,Merci pour votre retour. A tr√®s bient√¥t chez Cofidis ! Annick  de l'√©quipe Cofidis.","Apr 12, 2022",5,Invited,"Rapide et simpleDate of experience: April 11, 2022"
139,Cofidis,yannick,5 reviews,FR,bravo,"Sep 7, 2021","Merci pour vos applaudissements Yannick, c'est un plaisir de pouvoir vous apporter satisfaction. Je vous souhaite une belle fin de matin√©e ! Laurence de l'√©quipe Cofidis.","Sep 8, 2021",5,Invited,"bravobravoexcellent serviceDate of experience: September 07, 2021"
140,Cofidis,SOPHIE,2 reviews,FR,Simple et rapide,"Apr 8, 2022",Bonjour Sophie. Merci pour votre commentaire et votre note 5 √©toiles ! ü§© A bient√¥t. Christine de l'√©quipe Cofidis.,"Apr 11, 2022",5,Invited,"Simple et rapideDate of experience: April 08, 2022"
141,Cofidis,BENOIT MAGNIN,2 reviews,FR,Nickel rien √† dire,"Aug 17, 2021",Bonjour Benoit. Merci beaucoup pour votre note et votre commentaire. Je vous souhaite une belle journ√©e. Jean-Michel de l'√©quipe Cofidis.,"Aug 18, 2021",5,Invited,"Nickel rien √† direDate of experience: August 17, 2021"
142,Cofidis,JEROME FRANQUEVILLE,1 review,FR,top service client,"Nov 2, 2021","Bonjour J√©r√¥me. Merci pour votre commentaire, c'est un plaisir de pouvoir vous apporter satisfaction. Je vous souhaite une belle journ√©e ! Christine de l'√©quipe Cofidis.","Nov 3, 2021",5,Invited,"top service clienttop le service clientDate of experience: November 02, 2021"
143,Cofidis,THOMAS BARRETEAU,1 review,FR,Bonne satisfaction,"Feb 7, 2022",Bonjour Thomas. Je vous remercie pour votre message et votre note. Je vous souhaite une belle journ√©e. Anthony de l'√©quipe Cofidis.,"Feb 8, 2022",5,Invited,"Bonne satisfactionDate of experience: February 07, 2022"
144,Cofidis,BERNARD PAIN,1 review,FR,tre bon contact,"Apr 11, 2022","Bonjour Bernard. L'accueil de nos clients fait parti de nos priorit√©s, je suis ravi d'apprendre que vous en √™tes satisfait ! Je vous souhaite une tr√®s bonne journ√©e. Valentin de l'√©quipe Cofidis.","Apr 12, 2022",5,Invited,"tre bon contactDate of experience: April 11, 2022"
145,Cofidis,Ludwig,1 review,FR,Nickel,"Jan 31, 2022","Bonjour Ludwig, Merci pour cet avis.A bient√¥t Camille de l'√©quipe relation client. ","Jan 31, 2022",4,Invited,"NickelRapide et efficaceDate of experience: January 31, 2022"
146,Cofidis,JOSEPH CARRACILLO,1 review,FR,Bravo pour tout,"Apr 5, 2022",Bonjour JosephJe suis ravie de lire votre message.Bonne journ√©e ! Val√©rie de l'√©quipe Cofidis.,"Apr 7, 2022",5,Invited,"Bravo pour toutDate of experience: April 05, 2022"
147,Cofidis,MELINDA KABEYA KAZADI,1 review,FR,Site fiable merci,"Feb 15, 2022","Bonjour Madame Melinda Kabeya Kazadi,Merci pour votre retour. A tr√®s bient√¥t chez Cofidis ! Jocelyne de l'√©quipe Cofidis.","Feb 16, 2022",5,Invited,"Site fiable merciDate of experience: February 15, 2022"
148,Cofidis,Nathalie,6 reviews,FR,Impeccable !,"May 18, 2022",Bonjour Nathalie et merci de votre retour net et pr√©cis ! üòâ A bient√¥t pour d'autres projets ! Lionel de l'√©quipe Cofidis.,"May 19, 2022",5,Invited,"Impeccable !Date of experience: May 18, 2022"
149,Cofidis,RACHID BAGHDADI,1 review,FR,Tr√®s content,"Feb 7, 2022",Bonjour Monsieur RACHID BAGHDADIMerci beaucoup pour votre message. A tr√®s vite ! Catherine de l'√©quipe Cofidis.,"Feb 8, 2022",5,Invited,"Tr√®s contentDate of experience: February 07, 2022"
150,Cofidis,MICHEL CLUGNAC,1 review,FR,Tr√®s bon service,"Sep 13, 2021","Bonjour Michel,Merci pour votre commentaire et votre note 5 √©toiles ! ü§© √Ä bient√¥t. C√©line de l'√©quipe Cofidis.","Sep 14, 2021",5,Invited,"Tr√®s bon serviceDate of experience: September 13, 2021"
151,Cofidis,STEPHANE ESCOBAR,1 review,FR,.e3!,"Apr 12, 2022","Bonjour Stephane et merci pour ces √©toiles. Je n'ai pas compris l'ensemble du commentaire, mais je suis certain que vous m'exprimez votre satisfaction ! üòÇ A tr√®s vite ! Lionel de l'√©quipe Cofidis.","Apr 29, 2022",5,Invited,".e3!.rezzrzzerazz.Date of experience: March 12, 2022"
152,Cofidis,RCT,1 review,FR,excellent,"Oct 11, 2021",Bonjour RCT. Merci pour votre retour. A tr√®s bient√¥t chez Cofidis ! Jean-Michel de l'√©quipe Cofidis.,"Oct 12, 2021",5,Invited,"excellentExcellent service  !Date of experience: October 11, 2021"
153,Cofidis,CHANTAL GELY,1 review,FR,Simple et rapide,"Feb 21, 2022","Bonjour Chantal, merci beaucoup pour votre commentaire. Nous sommes heureux de vous proposer les solutions que vous attendiez. Bonne journ√©e. S√©bastien de l'√©quipe Cofidis.","Feb 22, 2022",5,Invited,"Simple et rapideDate of experience: February 21, 2022"
154,Cofidis,DAVID GOMES PEREIRA,1 review,FR,Parfait,"Dec 20, 2021","Bonjour David. Merci pour votre commentaire, c'est un plaisir de pouvoir vous apporter satisfaction. Je vous souhaite une belle journ√©e ! J√©r√¥me de l'√©quipe Cofidis.","Dec 21, 2021",5,Invited,"ParfaitService Parfait .Date of experience: December 20, 2021"
155,Cofidis,INTI JULIAN ESPINOSA FRANCO,1 review,FR,Simple et efficace,"Dec 14, 2021",Bonjour INTI JULIAN ESPINOSA FRANCO. Merci beaucoup pour votre note et votre commentaire. Je vous souhaite une belle journ√©e. Matthias de l'√©quipe Cofidis.,"Dec 14, 2021",5,Invited,"Simple et efficaceDate of experience: December 14, 2021"
156,Cofidis,KAREN ACHINI,1 review,FR,Au top,"Apr 18, 2022",Merci beaucoup pour votre message. A tr√®s vite ! Aude de l'√©quipe Cofidis.,"Apr 20, 2022",5,Invited,"Au topRapide et topDate of experience: April 18, 2022"
157,Cofidis,YVES BONNET,2 reviews,FR,Simple et efficace,"Nov 30, 2021","Bonjour Yves, merci, √ßa fait vraiment plaisir ! Nous ferons tout notre possible pour continuer √† vous apporter satisfaction. A bient√¥t ! S√©bastien de l'√©quipe Cofidis.","Dec 1, 2021",5,Invited,"Simple et efficaceDate of experience: November 30, 2021"
158,Cofidis,ALEX,1 review,FR,Super service client,"Aug 11, 2021","Bonjour Alessandre, je vous remercie de votre fid√©lit√©. Nous mettons tout en ≈ìuvre afin de vous apporter satisfaction. Bonne journ√©e ! S√©bastien de l'√©quipe Cofidis.","Aug 11, 2021",5,Invited,"Super service clientDate of experience: August 11, 2021"
159,Cofidis,Madendi,2 reviews,FR,Bien satisfaction,"Dec 20, 2021",,,5,Invited,"Bien satisfactionDate of experience: December 20, 2021"
160,Cofidis,M TABORE MICHEL,4 reviews,FR,tres bon rapport,"Jan 17, 2022","Bonjour Michel,Merci pour votre retour. A tr√®s bient√¥t chez Cofidis ! A√Øcha de l'√©quipe Cofidis.","Jan 18, 2022",5,Invited,"tres bon rapportDate of experience: January 17, 2022"
161,Cofidis,Anais,2 reviews,FR,Tres rapide,"May 25, 2021",Merci pour votre message. üòä A bient√¥t ! R√©mi de l'√©quipe Cofidis. ,"May 26, 2021",5,Invited,"Tres rapideTres rapide et simpleDate of experience: May 15, 2021"
162,Cofidis,CLAUDE FRANCOIS,2 reviews,FR,Correct,"Sep 13, 2021",Bonjour Claude. Merci beaucoup pour votre message. A tr√®s vite ! Christine de l'√©quipe Cofidis.,"Sep 14, 2021",5,Invited,"CorrectCorrect, respect...Date of experience: September 13, 2021"
163,Cofidis,Fr√©d√©ric Dupont,3 reviews,FR,Super merci,"Oct 12, 2021","Bonjour Monsieur DUPONT,Merci beaucoup pour votre note et votre commentaire. Je vous souhaite une belle journ√©e. Julien de l'√©quipe Cofidis.","Oct 13, 2021",5,Invited,"Super merciSuper encore merciDate of experience: October 12, 2021"
164,Cofidis,Iz,1 review,MA,Excellent service!!,"Aug 9, 2021","Bonjour Hind, merci, √ßa fait vraiment plaisir ! Nous ferons tout notre possible pour continuer √† vous apporter satisfaction. A bient√¥t ! S√©bastien de l'√©quipe Cofidis.","Aug 10, 2021",5,Invited,"Excellent service!!Date of experience: August 09, 2021"
165,Cofidis,DYLAN CASCA,1 review,FR,Correct,"May 25, 2021","Bonjour Dylan,Merci beaucoup pour votre note et votre commentaire. Je vous souhaite une belle journ√©e. Julien de l'√©quipe Cofidis.","May 26, 2021",4,Invited,"CorrectBon service client .Date of experience: May 25, 2021"
166,Cofidis,MAKUIZA KIMFUTA,1 review,FR,Super service !,"Jan 17, 2022","Bonjour MAKUIZA KIMFUTA,Merci pour votre retour. A tr√®s bient√¥t chez Cofidis ! A√Øcha de l'√©quipe Cofidis.","Jan 18, 2022",5,Invited,"Super service !Date of experience: January 17, 2022"
167,Cofidis,STEPHANE JEUILLY,1 review,FR,Simple clair rapide,"Jul 20, 2021","Bonjour St√©phane, merci beaucoup pour votre note et votre commentaire. Je vous souhaite une belle journ√©e. S√©bastien de l'√©quipe Cofidis.","Jul 20, 2021",5,Invited,"Simple clair rapideDate of experience: July 20, 2021"
168,Cofidis,DYLAN BASTET,2 reviews,FR,Service excellent !,"Jul 7, 2021","Bonjour Dylan, Merci pour votre message. üòä A bient√¥t ! S√©bastien de l'√©quipe Cofidis. ","Jul 8, 2021",5,Invited,"Service excellent !Date of experience: July 07, 2021"
169,Cofidis,michel fernandez,5 reviews,FR,Super rapide,"Jun 30, 2021",Bonjour Michel et merci pour ce retour. C'est un plaisir de vous accompagner dans ce projet. A tr√®s vite pour d'autres demandes ! Lionel de l'√©quipe Cofidis.,"Jul 1, 2021",5,Invited,"Super rapideSuper rapide, merciDate of experience: June 30, 2021"
170,Cofidis,STEPHANIE BENOIT,1 review,FR,Simple et rapide,"Nov 24, 2021",Bonjour St√©phanie.Rapide et efficace ! Enorme merci. üí™üèª Je vous souhaite une agr√©able journ√©e. Antoine de l'√©quipe Cofidis.,"Nov 25, 2021",5,Invited,"Simple et rapideDate of experience: November 24, 2021"
171,Cofidis,THI THANH THAO PHAM,1 review,FR,Excellent service.,"Aug 11, 2021","Bonjour Thi Thanh Thao, je vous remercie de votre fid√©lit√©. Nous mettons tout en ≈ìuvre afin de vous apporter satisfaction. Bonne journ√©e ! S√©bastien de l'√©quipe Cofidis.","Aug 12, 2021",5,Invited,"Excellent service.Date of experience: August 11, 2021"
172,Cofidis,IDRISS HOARAU,2 reviews,FR,Excellent service,"Sep 20, 2021","Bonjour Idriss, je vous remercie de votre fid√©lit√©. Nous mettons tout en ≈ìuvre afin de vous apporter satisfaction. Bonne journ√©e ! S√©bastien de l'√©quipe Cofidis.","Sep 21, 2021",5,Invited,"Excellent serviceDate of experience: September 20, 2021"
173,Cofidis,KARTHIKEYAN SHANMUGASAMY,1 review,FR,Excellent,"Jul 21, 2021","Bonjour Karthikeyan, merci, √ßa fait vraiment plaisir ! Nous ferons tout notre possible pour continuer √† vous apporter satisfaction. A bient√¥t ! S√©bastien de l'√©quipe Cofidis.","Jul 23, 2021",4,Invited,"ExcellentExcellent.........Date of experience: July 21, 2021"
174,Cofidis,COLETTE LETEVE,1 review,FR,super plus aimable,"Jul 13, 2021","Bonjour Madame Let√®ve Colette,Je suis ravie de lire votre t√©moignage. üòä Bonne journ√©e ! Jocelyne de l'√©quipe Cofidis.","Jul 16, 2021",5,Invited,"super plus aimableDate of experience: July 13, 2021"
175,Cofidis,CHANTAL CUADRADO-MARCO,1 review,FR,Efficace et simple,"Jun 21, 2021","Bonjour Chantal,Simple et efficace ! √ânorme merci. üí™üèª Je vous souhaite une agr√©able journ√©e. C√©line de l'√©quipe Cofidis.","Jun 22, 2021",4,Invited,"Efficace et simpleDate of experience: June 21, 2021"
176,Cofidis,MYRIAM JARMOUN,1 review,FR,Simple et efficace,"May 25, 2021","Bonjour Myriam, je suis ravi de lire votre t√©moignage. üòä Bonne journ√©e ! Philippe de l'√©quipe Cofidis.","May 26, 2021",5,Invited,"Simple et efficaceDate of experience: May 25, 2021"
177,Cofidis,EDUARDO TOME VALENTE,1 review,FR,Exelent service,"Nov 8, 2021",Bonjour Eduardo. Merci pour votre note et votre commentaire. A bient√¥t ! Emmanuelle de l'√©quipe Cofidis.,"Nov 10, 2021",5,Invited,"Exelent serviceDate of experience: November 08, 2021"
178,Cofidis,GAEL NDUENGA-BANGU,1 review,FR,Suivie impeccable,"Jul 20, 2021","Bonjour Gael, merci beaucoup pour votre commentaire. Nous sommes heureux de vous proposer les solutions que vous attendiez. Belle soir√©e. S√©bastien de l'√©quipe Cofidis.","Jul 22, 2021",5,Invited,"Suivie impeccableDate of experience: July 20, 2021"
179,Cofidis,NAJATE NAJAH,1 review,FR,Excellent service,"Jun 22, 2021","Bonjour NAJATE NAJAH,Je suis ravi de lire votre commentaire. Je vous remercie pour le partage de cette exp√©rience qui vous a apport√© satisfaction. Bonne journ√©e ! Julien de l'√©quipe Cofidis.","Jun 22, 2021",5,Invited,"Excellent serviceDate of experience: June 22, 2021"
180,Cofidis,Mme Laurence AUBERT,3 reviews,FR,Parfait service.,"Aug 9, 2021","Bonjour Laurence, merci beaucoup pour votre message. A tr√®s vite ! Wahiba de l'√©quipe Cofidis.","Aug 10, 2021",5,Invited,"Parfait service.Date of experience: August 09, 2021"
181,Cofidis,RACHEL DERMANIAN,2 reviews,FR,Exellent service,"Aug 3, 2021","Bonjour Madame DERMANIAN,Je suis ravi de lire votre commentaire. Je vous remercie pour le partage de cette exp√©rience qui vous a apport√© satisfaction. Bonne journ√©e ! Julien de l'√©quipe Cofidis.","Aug 3, 2021",5,Invited,"Exellent serviceDate of experience: July 29, 2021"
182,Cofidis,Vivi,1 review,FR,Excellent,"Aug 3, 2021",Bonjour Vivi. Merci pour votre message. üòä A bient√¥t ! Alexia de l'√©quipe Cofidis. ,"Aug 3, 2021",5,Invited,"ExcellentExcellent.......Date of experience: August 03, 2021"
183,Cofidis,Geoffroy LEANDRO,2 reviews,FR,Super,"Dec 21, 2021",Bonjour Geoffroy. Je suis ravi de lire votre t√©moignage. üòä Bonne journ√©e ! J√©r√¥me de l'√©quipe Cofidis.,"Dec 22, 2021",5,Invited,"SuperSuper serviceDate of experience: December 21, 2021"
184,Cofidis,NATHALIE LIMBO,2 reviews,FR,Service au top,"Nov 9, 2021",Bonjour Nathalie. Je suis ravi de lire votre t√©moignage. üòä Bonne journ√©e ! J√©r√¥me de l'√©quipe Cofidis.,"Nov 12, 2021",5,Invited,"Service au topDate of experience: November 09, 2021"
185,Cofidis,Chris Kane ORDER ID,2 reviews,GB,Bien.,"May 11, 2021","Bonjour Chris Kane ! Merci pour votre message. Belle fin de journ√©e, Ludivine de l'√©quipe COFIDIS. ","May 11, 2021",4,Invited,"Bien.Bien. Bien. Bien.Date of experience: May 11, 2021"
186,Cofidis,NOUR EDDINE BOUCETTA,1 review,FR,Bon accueuil.,"Dec 4, 2021","Bonjour Nour Eddine, merci pour votre retour. A tr√®s bient√¥t chez Cofidis ! Wahiba de l'√©quipe Cofidis.","Dec 6, 2021",5,Invited,"Bon accueuil.Date of experience: December 04, 2021"
187,Cofidis,HENRY,3 reviews,FR,Rapide,"Jun 30, 2021",Bonjour Henry. Merci pour votre message. üòä A bient√¥t ! J√©r√¥me de l'√©quipe Cofidis. ,"Jun 30, 2021",5,Invited,"RapideRapide et simpleDate of experience: June 30, 2021"
188,Cofidis,Samy,3 reviews,FR,Simple et rapide,"Jun 28, 2021","Bonjour Samy,Merci, √ßa fait vraiment plaisir ! Nous ferons tout notre possible pour continuer √† vous apporter satisfaction. A bient√¥t ! Insaf de l'√©quipe Cofidis.","Jun 29, 2021",5,Invited,"Simple et rapideDate of experience: June 28, 2021"
189,Cofidis,RAPHAEL DUDEK,2 reviews,FR,Simple et rapide,"Jun 16, 2021",Bonjour Raphael. Merci pour votre commentaire et votre note 5 √©toiles ! A bient√¥t. J√©r√¥me de l'√©quipe Cofidis.,"Jun 16, 2021",5,Invited,"Simple et rapideDate of experience: June 16, 2021"
190,Cofidis,MARYLENE	HENRY,2 reviews,FR,Service exelent,"Aug 3, 2021","Bonjour Maryl√®ne, merci pour votre message. üòä A bient√¥t ! Estelle de l'√©quipe Cofidis. ","Aug 3, 2021",5,Invited,"Service exelentDate of experience: August 03, 2021"
191,Cofidis,MALEK MARZOUKI,1 review,FR,Good,"Nov 24, 2021","Bonjour Monsieur Marzouki,Merci pour votre retour. A tr√®s bient√¥t chez Cofidis ! Jocelyne de l'√©quipe Cofidis. üòÄ","Nov 25, 2021",5,Invited,"GoodGood serviceDate of experience: November 24, 2021"
192,Cofidis,christian le malicot,2 reviews,FR,Service au top,"Jul 17, 2021","Bonjour Christian, merci pour votre message. üòä A bient√¥t ! S√©bastien de l'√©quipe Cofidis. ","Jul 20, 2021",5,Invited,"Service au topDate of experience: July 17, 2021"
193,Cofidis,JULIEN LAURENT,1 review,FR,service au top,"Jul 13, 2021","Bonjour Julien, je suis ravi de lire votre t√©moignage. üòä Bonne journ√©e ! S√©bastien de l'√©quipe Cofidis.","Jul 16, 2021",5,Invited,"service au topDate of experience: July 13, 2021"
194,Cofidis,PASCAL GAUDIN,1 review,FR,avis favorable,"Jun 30, 2021",Bonjour Pascal. Merci beaucoup pour votre message. A tr√®s vite ! J√©r√¥me de l'√©quipe Cofidis.,"Jun 30, 2021",5,Invited,"avis favorableDate of experience: June 30, 2021"
195,Cofidis,ERIC SENTUCQ,1 review,FR,Inquisition...,"Jun 2, 2021",Bonjour Eric. Je suis navr√©e de lire votre commentaire. Je comprends votre r√©action quant aux questions qui sont pos√©es. Elles sont n√©anmoins n√©cessaires afin de trouver avec vous la meilleure solution et vous proposer l'offre la mieux adapt√©e √† votre projet. Je vous remercie pour votre message ! Passez une bonne journ√©e. Christine de l'√©quipe Cofidis.,"Jun 2, 2021",2,Invited,"Inquisition...Date of experience: June 02, 2021"
196,Cofidis,PIERRETTE CRETTE,2 reviews,FR,Super,"Oct 4, 2021",Bonjour Pierrette. C'est vous qui √™tes la meilleure ! üòç Merci beaucoup. Excellente et agr√©able journ√©e.  Christine de l'√©quipe Cofidis.,"Oct 5, 2021",5,Invited,"SuperSuper genialDate of experience: October 04, 2021"
197,Cofidis,JACQUES PLADAR,1 review,FR,Bon contacts,"Sep 20, 2021","Bonjour Jacques ! Nous sommes ravis de pouvoir vous accompagner pour vos petits et grands projets, √† bient√¥t ! Laurent de l'√©quipe Cofidis.","Sep 21, 2021",3,Invited,"Bon contactsDate of experience: September 20, 2021"
198,Cofidis,MARTA CRUZ OLIVEIRA,1 review,FR,Super!,"Aug 17, 2021","Bonjour Marta,Merci beaucoup pour les 5 √©toiles. ü§© A bient√¥t. Bettina de l'√©quipe Cofidis.","Aug 18, 2021",5,Invited,"Super!Super! MerciDate of experience: August 17, 2021"
199,Cofidis,Boubou,1 review,FR,Super,"Apr 27, 2021","Bonsoir, merci pour votre commentaire et votre note 5 √©toiles ! ü§© A bient√¥t. Estelle de l'√©quipe Cofidis.","Apr 27, 2021",5,Invited,"SuperSuper. MerciDate of experience: April 27, 2021"
200,Cofidis,NICOLAS CARLIER,3 reviews,FR,Simple et rapide,"Apr 26, 2021","Bonjour Nicolas et merci pour votre commentaire. Votre projet c'est le plus important, pas nos proc√©dures, c'est pourquoi nous avons simplifi√© au maximum pour un traitement rapide dans le respect des r√®gles √† ce sujet. C'est un plaisir de vous lire ! A tr√®s vite ! Lionel de l'√©quipe Cofidis.","Apr 26, 2021",5,Invited,"Simple et rapideDate of experience: April 26, 2021"
201,Cofidis,Mme Lydie cornicard ,3 reviews,FR,Simple et rapide,"Apr 20, 2021",Bonjour Lydie. Merci pour votre retour. A tr√®s bient√¥t chez Cofidis ! Florian de l'√©quipe Cofidis.,"Apr 21, 2021",5,Invited,"Simple et rapideDate of experience: April 20, 2021"
202,Cofidis,SANDRINE PASCAL,1 review,FR,Super service merci,"Apr 20, 2021",Bonjour Sandrine. Je suis ravi de lire votre t√©moignage. üòä Bonne journ√©e ! Florian de l'√©quipe Cofidis.,"Apr 21, 2021",5,Invited,"Super service merciDate of experience: April 20, 2021"
203,Cofidis,Chacha,2 reviews,FR,Simple et rapide.,"Apr 20, 2021","Bonsoir, merci pour votre commentaire et votre note 5 √©toiles ! ü§© A bient√¥t. Estelle de l'√©quipe Cofidis.","Apr 27, 2021",5,Invited,"Simple et rapide.Simple et rapide.MerciDate of experience: April 20, 2021"
204,Cofidis,NOLWENN QUERE,1 review,FR,Tr√®s bon service,"Apr 20, 2021","Bonsoir Nolwenn, votre satisfaction est notre m√©tier ! üòä Merci pour votre confiance. Bonne soir√©e. Estelle de l'√©quipe Cofidis.","Apr 27, 2021",5,Invited,"Tr√®s bon serviceDate of experience: April 20, 2021"
205,Cofidis,FERRACCI JOSE,2 reviews,FR,"simple,facile,interlocuteur tres sympa‚Ä¶","Apr 12, 2021",Bonjour Jos√©. Je suis ravie de lire votre t√©moignage. üòä Bonne fin de journ√©e. Emmanuelle de l'√©quipe Cofidis.,"Apr 12, 2021",5,Invited,"simple,facile,interlocuteur tres sympa‚Ä¶simple,facile,interlocuteur tres sympa .parfait que dire de plusDate of experience: April 12, 2021"
206,Cofidis,FATIH COSAN,1 review,FR,Excellent service.,"Apr 6, 2021",Merci pour votre commentaire et votre note 5 √©toiles ! ü§© A bient√¥t. R√©mi de l'√©quipe Cofidis.,"Apr 7, 2021",5,Invited,"Excellent service.Date of experience: April 06, 2021"
207,Cofidis,FREDERIQUE HIVIN,1 review,FR,Tr√®s bon contact,"Apr 6, 2021",Merci pour votre message. üòä A bient√¥t ! R√©mi de l'√©quipe Cofidis. ,"Apr 7, 2021",5,Invited,"Tr√®s bon contactDate of experience: April 06, 2021"
208,Cofidis,MTE,1 review,FR,Rapide et simple,"Apr 6, 2021",Merci pour votre message. üòä A bient√¥t ! R√©mi de l'√©quipe Cofidis. ,"Apr 7, 2021",5,Invited,"Rapide et simpleDate of experience: April 06, 2021"
209,Cofidis,Jocelyn,3 reviews,FR,Performant,"Apr 6, 2021",Merci pour votre message. üòä A bient√¥t ! R√©mi de l'√©quipe Cofidis. ,"Apr 7, 2021",4,Invited,"PerformantRas. D√©marches,  interface,  digitalisation : optimales !Date of experience: April 06, 2021"
210,Cofidis,ESTELLE ,1 review,FR,Super rapide efficace,"Mar 23, 2021","Bonjour Estelle, merci pour votre commentaire et votre note 5 √©toiles ! ü§© A bient√¥t. Estelle de l'√©quipe Cofidis.","Mar 23, 2021",5,Invited,"Super rapide efficaceDate of experience: March 23, 2021"
211,Cofidis,RACHEL DELORME,1 review,FR,Rapide et simple,"Mar 23, 2021","Bonjour Rachel, merci pour votre retour. A tr√®s bient√¥t chez Cofidis ! Estelle de l'√©quipe Cofidis.","Mar 23, 2021",4,Invited,"Rapide et simpleDate of experience: March 23, 2021"
212,Cofidis,DOMINIQUE MARANDEL,6 reviews,FR,Vous avez √ßa!,"Mar 23, 2021","Bonjour Dominique, merci pour votre note. üòä A bient√¥t ! Estelle de l'√©quipe Cofidis. ","Mar 23, 2021",5,Invited,"Vous avez √ßa!Vous avez √ßa!No additional suggestionsGrammarly prioritizes suggestions based on the context of your writing.Date of experience: March 23, 2021"
213,Cofidis,christophe BERNARD,4 reviews,FR,"Simple ,efficace et rapide","Mar 23, 2021","Bonjour Christophe, merci beaucoup pour votre note et votre commentaire. Je vous souhaite une belle journ√©e. Estelle de l'√©quipe Cofidis.","Mar 23, 2021",5,Invited,"Simple ,efficace et rapideDate of experience: March 23, 2021"
214,Cofidis,Bertrand Zimmer ,3 reviews,FR,Very Good experience,"Mar 22, 2021","Bonjour Bertrand, merci pour votre retour. A tr√®s bient√¥t chez Cofidis ! Estelle de l'√©quipe Cofidis.","Mar 23, 2021",5,Invited,"Very Good experienceVery Good experience, responsive customer supportDate of experience: March 22, 2021"
215,Cofidis,SUZANNE,1 review,FR,Tr√®s bon service,"Mar 17, 2021",Bonjour Suzanne. Merci beaucoup pour les 5 √©toiles. ü§© A bient√¥t. Florian de l'√©quipe Cofidis.,"Mar 17, 2021",5,Invited,"Tr√®s bon serviceDate of experience: March 17, 2021"
216,Cofidis,JC,2 reviews,FR,Simple rapide et efficace,"Mar 16, 2021",Bonjour JC. Rapide et efficace ! Enorme merci. üí™üèª Je vous souhaite une agr√©able journ√©e. Florian de l'√©quipe Cofidis.,"Mar 16, 2021",5,Invited,"Simple rapide et efficaceDate of experience: March 16, 2021"
217,Cofidis,Madeleine Chambaty,4 reviews,FR,Tr√®s professionnel mais tr√®s accessible‚Ä¶,"Mar 2, 2021","Je vous remercie pour ce message, √ßa fait plaisir ! Je transmet √† toutes nos √©quipes :) Belle journ√©e. R√©mi de l'√©quipe Cofidis.","Apr 7, 2021",5,Invited,"Tr√®s professionnel mais tr√®s accessible‚Ä¶Tr√®s professionnel mais tr√®s accessible lf√©licitations au personnelDate of experience: March 02, 2021"
218,Cofidis,JOEL PETIT,2 reviews,FR,Excellente,"Mar 1, 2021","Merci pour votre commentaire, c'est un plaisir de pouvoir vous apporter satisfaction. Je vous souhaite une belle journ√©e ! R√©mi de l'√©quipe Cofidis.","Apr 7, 2021",5,Invited,"ExcellenteExcellente qualit√© relationDate of experience: March 01, 2021"
219,Cofidis,GERALDINE CHEBOUKI,1 review,FR,Tr√®s bonne prise en charge,"Feb 23, 2021","Bonjour G√©raldine, Merci pour votre retour. A tr√®s bient√¥t chez Cofidis ! Annick  de l'√©quipe Cofidis.","Feb 23, 2021",5,Invited,"Tr√®s bonne prise en chargeDate of experience: February 23, 2021"
220,Cofidis,CHRISTOPHE HOSTAINS,1 review,FR,Tr√®s bon service,"Feb 18, 2021",Je suis ravi de lire votre t√©moignage. üòä Bonne journ√©e ! Philippe de l'√©quipe Cofidis.,"Feb 18, 2021",5,Invited,"Tr√®s bon serviceDate of experience: February 18, 2021"
221,Cofidis,ESTELLE BERNEDE,3 reviews,FR,Parfait et simple.,"Feb 2, 2021",Je suis ravi de lire votre t√©moignage. üòä Bonne journ√©e ! Philippe de l'√©quipe Cofidis.,"Feb 3, 2021",5,Invited,"Parfait et simple.Date of experience: February 02, 2021"
222,Cofidis,JOEL MONIS,1 review,FR,je suis tres content,"Feb 2, 2021","Bonjour Joel, Je vous remercie pour ce message, √ßa fait plaisir ! Belle journ√©e. Wahiba de l'√©quipe Cofidis. üòâ","Feb 3, 2021",5,Invited,"je suis tres contentje suis tres content , excellentDate of experience: February 02, 2021"
223,Cofidis,JADE ,2 reviews,FR,Excellent service client,"Jan 29, 2021",Bonjour Jade ! Merci beaucoup pour votre note et votre commentaire. Je vous souhaite une belle journ√©e. J√©r√¥me de l'√©quipe Cofidis.,"Feb 1, 2021",5,Invited,"Excellent service clientDate of experience: January 29, 2021"
224,Cofidis,Bou fa ,1 review,FR,Simple rapide et efficace.,"Jan 25, 2021","Bonjour Bou Fa. Je vous remercie d'avoir employ√© ces trois qualificatifs pour nous d√©finir, c'est effectivement ainsi que nous souhaitons r√©pondre √† toutes vos demandes ! Passez une bonne journ√©e ! Valentin de l'√©quipe Cofidis.","Jan 26, 2021",5,Invited,"Simple rapide et efficace.Simple rapide et efficace.Merci cofidis !Date of experience: January 25, 2021"
225,Cofidis,SABINE ,2 reviews,FR,Collaborateurs professionnels,"Jan 13, 2021","Bonsoir Sabine , et merci pour vos √©toiles. Toute l'√©quipe vous remercie pour ce message, nous sommes fiers de vous apporter le meilleur service client possible chaque jour. A bient√¥t ! Lionel de l'√©quipe Cofidis.","Jan 13, 2021",4,Invited,"Collaborateurs professionnelsCollaborateurs professionnels. Bon suiviDate of experience: January 13, 2021"
226,Cofidis,FRANCOISE LONGO,3 reviews,FR,MERCI BEAUCOUP COFIDIS,"Jan 13, 2021","Bonjour Fran√ßoise, Je vous remercie pour ce message, √ßa fait plaisir ! Bonne fin de  journ√©e. Wahiba de l'√©quipe Cofidis.","Jan 13, 2021",5,Invited,"MERCI BEAUCOUP COFIDISMERCI BEAUCOUP COFIDISTRES RAPIDE TRES EFFICACE TRES PERFORMANT+++++++++++ ***********  ENCORE MERCI !!!!!Date of experience: January 13, 2021"
227,Cofidis,christine,4 reviews,FR,Excellent..professionnel,"Jan 11, 2021",Bonjour Christine. Merci pour votre retour. A tr√®s bient√¥t chez Cofidis ! Jean-Michel de l'√©quipe Cofidis.,"Jan 11, 2021",5,Invited,"Excellent..professionnelDate of experience: January 11, 2021"
228,Cofidis,Jennifer,3 reviews,FR,Efficace rapidit√©,"Dec 29, 2020",Rapide et efficace ! Enorme merci. üí™üèª Je vous souhaite une agr√©able journ√©e. R√©mi de l'√©quipe Cofidis.,"Jan 4, 2021",5,Invited,"Efficace rapidit√©Efficace rapidit√©. SatistaiteDate of experience: December 29, 2020"
229,Cofidis,client,4 reviews,FR,Simple et efficace,"Dec 22, 2020",Bonjour. Merci beaucoup pour votre note et votre commentaire. Je vous souhaite une belle journ√©e. Jean-Michel de l'√©quipe Cofidis.,"Dec 24, 2020",5,Invited,"Simple et efficaceBon contact, facilit√© de service en passant par internet En bref simple et efficaceDate of experience: December 22, 2020"
230,Cofidis,LOURDES PEDRE,1 review,FR,Excellent,"Dec 22, 2020",Bonjour Lourdes. Merci pour votre note 5 √©toiles. Bonne journ√©e et bonnes f√™tes de fin d'ann√©es. S√©verine de l'√©quipe Cofidis.,"Dec 24, 2020",5,Invited,"ExcellentExcellent commentDate of experience: December 22, 2020"
231,Cofidis,Moon,3 reviews,FR,Excellenttop,"Dec 22, 2020",Bonjour Moon. Je vous remercie pour votre note. Cela fait tr√®s plaisir. Je vous souhaite de bonnes f√™tes de fin d'ann√©e. Emmanuelle de l'√©quipe Cofidis.,"Dec 24, 2020",5,Invited,"ExcellenttopExcellent sav au top dossier facile a remplirDate of experience: December 22, 2020"
232,Cofidis,GEORGETTE PONCELET,1 review,FR,Super bien excellent rapide,"Dec 21, 2020",Merci beaucoup pour votre note et vos commentaires. Je vous souhaite une belle journ√©e  ainsi que de belles f√™tes de fin d'ann√©e. Laurence de l'√©quipe Cofidis.,"Dec 23, 2020",5,Invited,"Super bien excellent rapideDate of experience: December 21, 2020"
233,Cofidis,MICHEL JOLY,2 reviews,FR,Avis tr√®s favorable,"Dec 15, 2020",Bonjour Monsieur  JOLYMerci beaucoup pour votre message.A tr√®s vite !Jocelyne de l'√©quipe Cofidis,"Dec 17, 2020",5,Invited,"Avis tr√®s favorableSimple et efficace.Date of experience: December 15, 2020"
234,Cofidis,DAMIEN BENARD,1 review,FR,Satisfaction,"Dec 15, 2020",Merci pour votre retour. A tr√®s bient√¥t chez Cofidis ! Marion de l'√©quipe Cofidis.,"Dec 16, 2020",4,Invited,"SatisfactionSatisfer de la rapidit√©Date of experience: December 15, 2020"
235,Cofidis,Noureddine,2 reviews,FR,Pr√™t personnel,"Dec 8, 2020","Bonjour Noureddine,Je suis ravi de lire votre t√©moignage. üòä Bonne journ√©e ! Antoine de l'√©quipe Cofidis.","Dec 9, 2020",5,Invited,"Pr√™t personnelTop excellentDate of experience: December 08, 2020"
236,Cofidis,GOLDY ASSOUS,1 review,FR,EXCELLENT SERVICE,"Nov 24, 2020","Bonjour Assous, merci pour votre retour positif. A tr√®s bient√¥t. Camille de l'√©quipe Cofidis. ","Nov 24, 2020",5,Invited,"EXCELLENT SERVICEDate of experience: November 24, 2020"
237,Cofidis,JACKY BOUMARD,5 reviews,FR,simple et rapide,"Nov 17, 2020",Bonjour Jacky. Merci pour votre commentaire et votre note 5 √©toiles ! ü§© A bient√¥t. Florian de l'√©quipe Cofidis.,"Nov 18, 2020",5,Invited,"simple et rapidesimple et rapide, excellentDate of experience: November 17, 2020"
238,Cofidis,Alain GRUDET,3 reviews,FR,Impeccable.,"Nov 17, 2020",Bonjour Alain. Merci pour votre message. üòä A bient√¥t ! Florian de l'√©quipe Cofidis.,"Nov 18, 2020",5,Invited,"Impeccable.Date of experience: November 17, 2020"
239,Cofidis,Pierre ,2 reviews,FR,Bien contact facile et aimable,"Nov 3, 2020","Bonjour Pierre. Nous vous remercions pour votre commentaire et restons, √† votre disposition, pour vous accompagner dans tout projet. Bonne journ√©e. Florian de l'√©quipe Cofidis. üôÇüòÉ","Nov 4, 2020",4,Invited,"Bien contact facile et aimableDate of experience: November 03, 2020"
240,Cofidis,Eric Decaux,5 reviews,FR,"Simple, efficace, rapide.","Nov 3, 2020",Bonjour Eric. Merci pour votre retour. Nos taux prennent en compte plusieurs facteurs en suivant une logique d'indexation avec la Banque Centrale Europ√©enne. A tr√®s bient√¥t. Florian que l'√©quipe Cofidis.,"Nov 3, 2020",5,Invited,"Simple, efficace, rapide.Simple, efficace, rapide.Mais attention aux taux de cr√©dits. de 5,8 √† plus de 20%.C'est limite acceptable!Date of experience: November 03, 2020"
