,Company,Customer,Number_review,Language,Title,Date_review,Reply,Date_reply,Rating,Status,Experience Date
0,Orange Bank,Beterscha Dank,3 reviews,NL,Pay attention opening a deposit,"Oct 14, 2023","Bonjour,Afin de faire le point sur votre situation , je vous invite √† nous contacter au  01 43 60 01 52 si vous avez souscrit √† une offre premium, ou √† l'adresse mail suivante : information@contact.orangebank.fr√† bient√¥t,Margaux","Oct 17, 2023",1,Invited,"Pay attention opening a depositIf you have a deposit, Orange bank keeps your money longer than the deposit valid. Don't understand why but an end date is in my opinion an end date....Date of experience: October 13, 2023"
1,Orange Bank,Ramirez et Mandosa,2 reviews,FR,l'application orange bank est top,"Sep 26, 2023","Merci pour votre avis laiss√© ici. Nous sommes ravis de vous apporter enti√®re satisfaction.Bonne journ√©e,Lucas","Sep 29, 2023",5,Invited,"l'application orange bank est topl'application orange bank est vraiment bien le virement instantan√© entre orange bank c'est topDate of experience: October 26, 2022"
2,Orange Bank,Abiraje Sharma,37 reviews,AE,Chrges and conversion rates wil be‚Ä¶,"Sep 19, 2023","Mistake of course, no ?","Sep 21, 2023",5,Invited,"Chrges and conversion rates wil be‚Ä¶Chrges and conversion rates wil be applied for amendments or re issuanceDate of experience: July 29, 2023"
3,Orange Bank,edgar fletcher,2 reviews,MX,Good Service,"Apr 3, 2023","Bonjour Edgar,Merci pour votre avis exprim√© dans la langue de Shakespeare.Je vous r√©pondrai dans la langue de Moli√®re que nous sommes ravis que vous ayez trouv√© r√©ponse √† votre attente au travers du Chat.Notre service client t√©l√©phonique est actuellement r√©serv√© en priorit√© aux clients clients premium, mais je transmets votre souhait.Bonne journ√©e √† vous,Romainps : Thanks a lot for these beautifull five stars","Apr 4, 2023",5,Invited,"Good ServiceQuick and precise answer to my query. The agent on the chat was up to date with the status of my account.Suggestion is that you make a phone number also available... some of us prefer phones to chats!Date of experience: April 02, 2023"
4,Orange Bank,Loisy,2 reviews,FR,Super!,7 days ago,,,5,Invited,"Super!Super!!!!!Date of experience: November 02, 2023"
5,Orange Bank,Grimaud,1 review,BE,Orange bank banque efficace,"Jan 25, 2023","Bonjour Grimaud, Nous savons √† quel point votre temps est pr√©cieuxüòä‚Ää! C'est pourquoi nous nous engageons √† vous faire passer moins de temps √† g√©rer votre compte gr√¢ce au ""real-time balance"" => solde en temps r√©el. En outre, afin de vous prot√©ger contre les risques de piratage, il est tr√®s important que nous nous assurions que votre compte est s√©curis√©.Ensemble, faisons preuve de vigilance üëå ! Bonne journ√©e, Max ","Feb 2, 2023",5,Invited,"Orange bank banque efficaceOrange bank devient ma.premiere banque simple efficace et en temps r√©el plus besoin de faire les comptesLa s√©curit√© est excellenteDate of experience: January 24, 2023"
6,Orange Bank,Pierre,2 reviews,FR,Simplicit√©,"Oct 30, 2023",Merci Pierre pour ce r√©sum√© d'une grande simplicit√©.,2 hours ago,5,Invited,"Simplicit√©Application intuitive et simpleDate of experience: September 30, 2023"
7,Orange Bank,Marco Bacelar,2 reviews,PT,I deal with several banks,"Feb 6, 2023",HelloThank you very much for your feedback; we are glad to hear from you and happy to see that you are satisfied with our offer Francis ,"Feb 6, 2023",4,Invited,"I deal with several banksI deal with several banks, but Orange Bank is my favorite, the security in this bank is guaranteed.Good employees, always answer the phone. I have been with Orange Bank for more than a year and now I want to order a card here for my eldest daughter!Date of experience: February 06, 2023"
8,Orange Bank,BAUDRY Eric,3 reviews,FR,Satisfait du service Orange,"Oct 27, 2023",Merci Eric d'avoir pris le temps de venir nous en faire part ici et d'aussi belle fa√ßon (5‚ú®),2 hours ago,5,Invited,"Satisfait du service OrangeDate of experience: September 28, 2023"
9,Orange Bank,mike,9 reviews,FR,I would not recommend Orange Bank,"Updated Mar 15, 2023","Bonjour Mike, Nous sommes sinc√®rement navr√©s d'apprendre que le conseiller en charge de votre demande n'ait pas pu r√©pondre √† vos attentes.Vous pouvez prendre contact avec nous par e-mail : webmaster@orangebank.fr.En vous souhaitant une belle journ√©e,Emma","Mar 14, 2023",1,Invited,"I would not recommend Orange BankI would not recommend Orange Bank. Currently I am trying to transfer some funds from my account to another bank. They take the money from your account but do not transfer it. Then, 4 days later, they send an email telling you the transfer needs validating. However there is no way to validate the transfer in the application. So you have to ask the AI for help, who eventually connects you with a service advisor. I was connected to 'Sarah Conseiller 76' who was unable to help, and told me I have to wait another 48 hours to speak with an advisor who can validate the payment. When I questioned why, she ended the conversation by disconnecting me. A highly questionable way to deal with customers.Date of experience: March 14, 2023"
10,Orange Bank,Julien,2 reviews,DE,No emergency contact,"Jul 28, 2023","Bonjour Julien,Nous sommes d√©sol√©s de l'exp√©rience client que vous d√©crivez, cependant il peut arriver que le blocage de votre carte soit activ√© par s√©curit√© √† la suite d'une op√©ration douteuse dont vous n'avez pas confirm√© √™tre √† l'origine.Vous pouvez nous joindre au 01 43 60 01 52 si vous √™tes client Premium, et sinon via le chat ou votre app. √† bient√¥t,Margaux","Jul 31, 2023",1,Invited,"No emergency contactNo emergency number,  my card has been blocked without reason and I am stuck not being able to pay or withdraw cash.Date of experience: July 28, 2023"
11,Orange Bank,Brousse Master,3 reviews,NC,Efficience.,"Sep 23, 2023","Merci pour ces compliments efficients, et cette superbe note √©toil√©e.Bonne journ√©eLucas ","Sep 25, 2023",5,Invited,"Efficience.Efficace, tranquille et sans souci. Efficient au quotidien.Date of experience: September 23, 2023"
12,Orange Bank,Serge,2 reviews,FR,Bonne comprehension,"Apr 1, 2023","Bonjour Serge,Nous en sommes ravis. Bravo √† vous et √† Lally.Bonne journ√©eLucas","Apr 7, 2023",5,Invited,"Bonne comprehensionBonne comprehension Tres bon accueil de lally.Date of experience: January 03, 2023"
13,Orange Bank,Mr_Arnaud,1 review,FR,Efficace !,"Mar 28, 2023","Bonjour Arnaud,Nous sommes heureux de vous voir enti√®rement satisfait de nos services.Merci beaucoup pour vos belles √©toiles.N'h√©sitez pas √† nous recommander autour de vous.Je vous souhaite une belle journ√©e.C√©line Expert Orange Bank.","Mar 30, 2023",5,Invited,"Efficace !Simple, fiable et fluide, tout simplement efficace !Date of experience: March 14, 2023"
14,Orange Bank,FLORENT ,8 reviews,GP,Service client Au Top,"Aug 26, 2023","Merci Florent pour votre soutien et votre t√©moignage en des termes aussi √©logieux.Bonne journ√©e √† vous,Lowen","Aug 28, 2023",5,Invited,"Service client Au TopDate of experience: August 26, 2023"
15,Orange Bank,CYRIL G,3 reviews,FR,Pratique et simple,"Nov 29, 2022",,,5,Invited,"Pratique et simpleDate of experience: November 01, 2022"
16,Orange Bank,Dani√®le Briot,2 reviews,FR,Heureusement que le contact humain reste possible,"Apr 6, 2023","Merci Dany de reconna√Ætre que l'humain reste encore (pour le moment) ma√Ætre face √† l'IA, et que notre qualit√© d'√©coute et capacit√© √† vous apporter une solution adapt√©e sont plus importantes pour vous qu'une r√©ponse format√©e.Une bonne journ√©e,Romain ","Apr 7, 2023",5,Invited,"Heureusement que le contact humain reste possibleInterlocuteur √† l √©coute et efficace √† contourner les defaillances de l assistant virtuelDate of experience: April 03, 2023"
17,Orange Bank,Alain ,2 reviews,FR,good,"Nov 21, 2022",,,5,Invited,"goodJE TROUVE QUE ORANGE BANK FONCTINNE BIEN POUR L INSTANTDate of experience: November 21, 2022"
18,Orange Bank,Garreau,1 review,FR,Wonderful,"Apr 22, 2023","Merci Jean-Paul pour votre t√©moignage et votre soutien ainsi que cette tr√®s belle note.√† bient√¥t, Margaux","Apr 24, 2023",5,Invited,"WonderfulJ ai adh√®re tr√®s vite √† Orange bankDate of experience: May 13, 2022"
19,Orange Bank,Eddy,30 reviews,FR,Service pratique et bonne application,"Sep 24, 2023","Tout est dit ! Merci Eddy :)√† bient√¥t,Margaux","Sep 25, 2023",5,,"Service pratique et bonne applicationDate of experience: September 24, 2023"
20,Orange Bank,Rayot,1 review,FR,Super,"Nov 27, 2022",,,5,Invited,"SuperTr√®s bon servicesDate of experience: April 21, 2022"
21,Orange Bank,Roberto,1 review,FR,Orange bank au TOP,"Nov 22, 2022",,,5,Invited,"Orange bank au TOPOrange Bank est la meilleure banque en ligne.Date of experience: November 22, 2022"
22,Orange Bank,Darkoxe,1 review,FR,Application ne fonctionne plus le‚Ä¶,"Apr 27, 2023","Bonjour,Merci pour ce message. Effectivement l'application n'√©tait pas fonctionnelle mais une mise √† jour est actuellement disponible et vous pouvez d√®s √† pr√©sent la t√©l√©charger sur le store. Nous sommes vraiment navr√©s pour ce d√©sagr√©ment.Si malgr√© la mise √† jour vous ne parvenez pas √† vous connecter, vous pouvez nous contacter sur webmaster@orangebank.fr.Bonne journ√©e,Elodie.","Apr 29, 2023",1,Invited,"Application ne fonctionne plus le‚Ä¶Application ne fonctionne plus le service client injoignable pas de r√©ponse pas de solution faite quelques chosesDate of experience: April 27, 2023"
23,Orange Bank,GILBERTE PICOULET,4 reviews,FR,jattends que long me confirme que le‚Ä¶,"Jan 9, 2023","Bonjour GILBERTE PICOULETApr√®s v√©rification, je vois qu'une r√©ponse vous a √©t√© apport√©e le 10/01/2023 par mail afin de vous confirmer la date de la prochaine √©ch√©ance. Je vous invite √† le consulter. A bient√¥t, Max, Expert Orange Bank.  ","Jan 18, 2023",5,Invited,"jattends que long me confirme que le‚Ä¶jattends que long me confirme que le prelevement passe le 10 de chaqueDate of experience: January 08, 2023"
24,Orange Bank,JOEL,1 review,FR,Reponse √† la question pos√©e;.pertinante,"Mar 27, 2023","Bonjour Joel,Je vous remercie infiniment pour votre beau retour √©toil√©.Celui-ci nous encourage dans notre √©volution.Nous serons toujours √† votre √©coute.A tr√®s bient√¥t.C√©line Experte Orange Bank. ","Mar 30, 2023",5,Invited,"Reponse √† la question pos√©e;.pertinanteReponse √† la question pos√©e.Date of experience: March 26, 2023"
25,Orange Bank,Marie,2 reviews,FR,Interlocutrice aimable et efficace,"Nov 23, 2022","Bonjour, Merci pour votre avis et retour concernant notre coll√®gue qui vous a re√ßu.Une bonne journ√©eFrancis","Nov 24, 2022",5,Invited,"Interlocutrice aimable et efficaceDate of experience: November 23, 2022"
26,Orange Bank,Jean Claude MARTIN,2 reviews,FR,R√©approvisionn√©r par cb,"Nov 23, 2022",,,5,Invited,"R√©approvisionn√©r par cbDate of experience: November 16, 2022"
27,Orange Bank,Thierry,1 review,FR,La patience de mon interlocuteur,"Apr 17, 2023","Bonjour Thierry,Nous nous devons de vous √©couter, et de vous apporter une solution, m√™me si dans certains cas cela peut-prendre du temps : nous en avons pour vous.Merci pour cette jolie note qui compense tr√®s largement notre patience comme la votre !Bonne journ√©e,Lowen","Apr 19, 2023",5,Invited,"La patience de mon interlocuteurDate of experience: April 13, 2023"
28,Orange Bank,RR,1 review,FR,Enregistrement cb,"Aug 30, 2023","Merci pour cet avis simple, rapide mais efficace.Bonne journ√©e Lowen","Aug 31, 2023",5,Invited,"Enregistrement cbRapide Simple efficaceDate of experience: August 30, 2023"
29,Orange Bank,R√©my,1 review,FR,Service client au top !,"May 5, 2023",Merci R√©my. C'est tr√®s gentil. Nous sommes ravis de votre ressenti. Bonne journ√©eLowen,"May 12, 2023",5,Invited,"Service client au top !Date of experience: April 19, 2023"
30,Orange Bank,Duclos,1 review,FR,Applications rapide et simple.,"Nov 22, 2022",,,5,Invited,"Applications rapide et simple.Date of experience: November 22, 2022"
31,Orange Bank,‡¶Ü‡¶≤‡ßÄ ‡¶Ü‡¶π‡¶Æ‡¶¶ ‡¶∏‡ßã‡¶π‡¶æ‡¶®,4 reviews,FR,Qualit√©,"May 30, 2023","Bonjour,Nous vous remercions pour votre retour positif et pour la confiance que vous nous accordez üòâ.A bient√¥t,Roger","Jun 2, 2023",5,Invited,"Qualit√©Top du top. Super bienDate of experience: January 10, 2023"
32,Orange Bank,Alan Dedebant Pochet,1 review,FR,Orange bank bloqu√©,"Oct 21, 2023","Bonjour Alan Dedebant PochetMerci pour ce retour √©toil√©. Si vous rencontrez un blocage avec votre App Orange Bank, n'h√©sitez pas √† nous contacter sur webmaster@orangebank.fr Belle journ√©e √† vous,Sara","Oct 25, 2023",5,Invited,"Orange bank bloqu√©Informations donn√©esDate of experience: October 20, 2023"
33,Orange Bank,Aziz had,1 review,BE,Professionelle,"Jul 5, 2023","Merci √† vous Aziz d'avoir pris le temps de nous faire part de votre exp√©rience client et de votre satisfaction.√† bient√¥t,Margaux","Jul 6, 2023",5,Invited,"ProfessionelleTres bonne entente et comprehension de l interlocutrice merci encoreDate of experience: July 05, 2023"
34,Orange Bank,Ghislaine,2 reviews,FR,Ma question a √©tait r√®gle en rien de‚Ä¶,"Nov 10, 2022",,,5,Invited,"Ma question a √©tait r√®gle en rien de‚Ä¶Ma question a √©tait r√®gle en rien de temps merciDate of experience: November 10, 2022"
35,Orange Bank,Leila TROILLET,2 reviews,FR,Super,"Aug 6, 2023","Bonjour Leila, Au top ! Merci beaucoup pour votre retour. Nous sommes content de vous compter parmi nos clients. Une bonne journ√©eFrancis ","Updated Aug 8, 2023",5,Invited,"SuperSuper, tr√®s pratique et simpleDate of experience: August 06, 2023"
36,Orange Bank,FIGUESTER,4 reviews,FR,Je viens de le formuler √† la question‚Ä¶,"May 24, 2023","Bonjour Jean-PaulNous ne comprenons pas votre commentaire laiss√© ici, mais vous pouvez nous contacter sur webmaster@orangebank.fr afin de nous faire part de la raison de cette unique √©toile.√† bient√¥t,Margaux","May 25, 2023",1,Invited,"Je viens de le formuler √† la question‚Ä¶Je viens de le formuler √† la question pr√©c√©dente.Date of experience: May 23, 2023"
37,Orange Bank,JULIA ,3 reviews,MX,Personnel tres aimable et attention√©.,"Nov 15, 2022",,,5,Invited,"Personnel tres aimable et attention√©.Date of experience: November 15, 2022"
38,Orange Bank,abdallah Bouchikhi,4 reviews,FR,j'ai fait un achat en boutique orange,"Sep 28, 2022",,,5,Invited,"j'ai fait un achat en boutique orangej'ai fait un achat en boutique orange, gr√¢ce √† ma carte premium orange bank j'ai eu 10% de cash back !Date of experience: September 26, 2022"
39,Orange Bank,Dominique,1 review,FR,Activation carte orange bank,"Oct 14, 2022",,,5,Invited,"Activation carte orange bankJ'avais un Pb pour activer ma carte. La solution √† √©t√© trouv√©e en boutiqueDate of experience: October 14, 2022"
40,Orange Bank,Ursula Dominique,2 reviews,FR,Traveled and I used my card,"Oct 26, 2022",,,5,Invited,"Traveled and I used my cardTraveled and I used my card in Dominica and it worked very well with no problemsDate of experience: September 06, 2022"
41,Orange Bank,Maurice,3 reviews,FR,Julie,"Feb 9, 2023","Bonjour Maurice, merci pour votre retour et vos √©toiles c'est un plaisir Une bonne journ√©eFrancis ","Feb 11, 2023",5,Invited,"JuliePas d'attentes une interlocutrice au top Explications claires Appel rapide üëçüëçüëçüëçüëçüëçDate of experience: February 08, 2023"
42,Orange Bank,No√´l,1 review,FR,extra extra extra,"Nov 22, 2022",,,5,Invited,"extra extra extraDate of experience: November 22, 2022"
43,Orange Bank,michel garino,1 review,FR,Son Job,"Jul 3, 2023","Merci Michel pour cette appr√©ciation qui r√©sonne un peu avec l'accent am√©ricain (""You did a good job""). Merci √©galement pour ces 5 √©toiles (arrach√©es √† la banni√®re √©toil√©e du m√™me drapeau ?)Bonne journ√©e √† vousLucas","Jul 5, 2023",5,Invited,"Son JobSon Job, parfait/Date of experience: October 10, 2022"
44,Orange Bank,Thibaut,3 reviews,FR,Simple,"Jun 19, 2023","Bonjour Thibaut,La simplicit√© de nos services est l√† pour vous satisfaire.Nous sommes heureux que notre strat√©gie vous convienne.Merci pour vos √©toiles !Belle journ√©e √† vous.C√©line Experte Orange Bank.","Jun 20, 2023",5,Invited,"SimpleSimple et efficace !Date of experience: June 19, 2023"
45,Orange Bank,Dj Paxton,1 review,FR,cool,"Jun 30, 2023","Bonjour, Merci de votre abonnement √† notre newsletter. Ne pas h√©siter √† consulter le site internet orangebank.fr pour obtenir les derni√®res actus/promos. Une bonne journ√©eFrancis","Jul 1, 2023",5,Invited,"coolbonne news letterDate of experience: June 30, 2023"
46,Orange Bank,Mian Nadeem,14 reviews,PK,Orange bank is king off all,"Jul 16, 2023",Thank you soooo much Mian. Have a nice day.,"Jul 19, 2023",5,Invited,"Orange bank is king off allDate of experience: July 06, 2023"
47,Orange Bank,erik gendre ruel,2 reviews,FR,Efficace,"Mar 8, 2023","Bonjour Monsieur, Nous vous remercions pour votre retour positif.En vous souhaitant une belle journ√©e.Emma ","Mar 14, 2023",5,Invited,"EfficaceEfficace MerciDate of experience: March 06, 2023"
48,Orange Bank,MICHA√ãL PASCAL ST√âPHANE,6 reviews,FR,Tr√®s content,"Mar 26, 2023","Bonjour MICHA√ãL PASCAL ST√âPHANE,Je suis contente √©galement de vous voir tr√®s satisfait,Notre √©quipe est l√† pour vous accompagner chaque jour.Je vous souhaite une excellente journ√©e.N'h√©sitez pas √† nous recommander autour de vous.Belle journ√©e.C√©line Experte Orange Bank.","Mar 28, 2023",5,Invited,"Tr√®s contentDate of experience: March 25, 2023"
49,Orange Bank,Bernard,1 review,FR,Marco,"Mar 1, 2023","Bonjour Bernard, Merci pour votre retour. üôÇBienvenue chez Orange Bank.Passez une belle journ√©e.K√©vin.","Mar 13, 2023",5,Invited,"MarcoTr√®s contentDate of experience: March 29, 2022"
50,Orange Bank,Raphael,1 review,FR,gentillesse comprehension,"Nov 16, 2022",,,5,Invited,"gentillesse comprehensionDate of experience: November 14, 2022"
51,Orange Bank,Vitiello,1 review,FR,Simplement simple et facile,"Jan 26, 2023","Bonjour Vitiello, Nous sommes ravis de lire que vous avez tout particuli√®rement appr√©ci√© la rapidit√© et la simplicit√© de nos services ‚Ääüåü‚Ää ! Nous nous tenons √† votre disposition pour tout accompagnement. Bonne journ√©e, Max ","Feb 3, 2023",5,Invited,"Simplement simple et facileSimplement simple, efficace et sans artifice....Date of experience: November 29, 2022"
52,Orange Bank,Girard,1 review,FR,Simple et rapide,"Apr 28, 2023","Merci Barbara pour ce rapide commentaire laiss√© ici : simple (mais efficace)Bonne journ√©e √† vous,Lowen","May 4, 2023",5,Invited,"Simple et rapideDate of experience: May 03, 2022"
53,Orange Bank,St√©phane Albert,2 reviews,FR,Grande difficult√© √† joindre orange bank‚Ä¶,"Feb 27, 2023","Bonjour St√©phane, Merci beaucoup pour votre avis sur notre page pour nous joindre, vous avez plusieurs possibilit√©s. Si votre situation concerne une th√©matique technique sur un tel Android: support.google@orangebank.frSi votre situation concerne une th√©matique technique sur un tel Apple:support.apple@orangebank.frSur une th√©matique g√©n√©rale: webmaster@orangerbank.fr ou information@contact.orangebank.frune bonne journ√©e Francis ","Feb 28, 2023",4,Invited,"Grande difficult√© √† joindre orange bank‚Ä¶Grande difficult√© √† joindre orange bank mais personnel efficace.Date of experience: February 21, 2023"
54,Orange Bank,Mohamed,1 review,FR,Tr√®s bon service,"Mar 28, 2023","Bonjour Mohamed, Nous somme ravis de constater votre enti√®re satisfaction sur nos services et √©galement nous vous remercions √©norm√©ment pour vos superbes √©toiles.A tr√®s Bient√¥t.C√©line Experte Orange Bank ","Updated Mar 30, 2023",5,Invited,"Tr√®s bon serviceDate of experience: March 27, 2023"
55,Orange Bank,Migaou,1 review,FR,simple et efficace,"Mar 2, 2023","Bonjour, Merci pour votre retour.Je vous souhaite la bienvenue chez Orange Bank.  üòâEt vous je vous remercie pour les 5 √©toiles.Excellente journ√©e √† vous.K√©vin.","Mar 14, 2023",5,Invited,"simple et efficaceDate of experience: November 19, 2022"
56,Orange Bank,Christian,1 review,FR,Tr√®s bon contact,"Mar 9, 2023","Bonjour Christian, Merci pour votre avis !Je suis heureux d'apprendre que vous √™tes satisfait de notre n√©o-banque. √Ä tr√®s bient√¥t.K√©vin.","Mar 10, 2023",5,Invited,"Tr√®s bon contactDate of experience: March 07, 2023"
57,Orange Bank,DESCARPENTRIE Fr√©d√©ric,2 reviews,FR,simple et rapide.,"Feb 20, 2023","bonjour, Cela fait √©cho a notre slogan ""tellement simple, tellement mobile"" une bonne journ√©eFrancis ","Feb 25, 2023",5,Invited,"simple et rapide.Date of experience: February 16, 2023"
58,Orange Bank,dalila,2 reviews,FR,Simple et rapide merci,"Apr 25, 2023","Merci Nagia pour cet √©nonc√© ""simple et rapide"" (mais efficace)  sur les qualit√©s de notre offre de Pr√™t Express qui est, en fait, simple comme bonjour üòâMerci encore √† vous de les avoir couronn√©es de 5 belles √©toilesBonne journ√©e,Lucas","Apr 25, 2023",5,Invited,"Simple et rapide merciDate of experience: December 20, 2022"
59,Orange Bank,Michele Duforet,13 reviews,FR,Satisfaction en tous points,"Feb 1, 2023","Bonjour Michele, Wow pour vos √©toiles üíå, votre satisfaction me fait plaisir üëå‚Ää ! N'h√©sitez √† nous contacter pour toute demande. A bient√¥t, Max","Feb 1, 2023",5,Invited,"Satisfaction en tous pointsDate of experience: January 31, 2023"
60,Orange Bank,Catherine,2 reviews,FR,Application orange Bank,"Jan 30, 2023","Bonjour Catherine, Nous vous remercions de votre confianceüòä et pour vos belles √©toiles üòçüåü. Heureux de constater que nos services correspondent au mieux √† vos attentes.A votre disposition, Max ","Updated Feb 1, 2023",5,Invited,"Application orange BankUtilisation simple de l'application orange Bank.En cas de probl√®me, on a un interlocuteur au bout du fil, et non une plate-forme √† l'√©tranger.Date of experience: January 29, 2023"
61,Orange Bank,Client,2 reviews,FR,Cool,"Jan 24, 2023","Bonjour Guillaume, Merci d‚Äôavoir pris le temps de laisser votre avis.üòçVos superbes √©toiles nous poussent chaque jour √† viser encore plus la lune. ‚Ääüí™‚ÄäA bient√¥t, Max","Updated Jan 24, 2023",5,Invited,"CoolCool coooooooooooolDate of experience: January 23, 2023"
62,Orange Bank,Patrick,1 review,FR,Interlocuteur  √† l'√©coute,"May 5, 2023","Bonjour Patrick,Au top, merci beaucoup pour ce retour suite √† l'√©change que vous avez eu avec notre coll√®gue. Une bonne journ√©eFrancis ","May 5, 2023",5,Invited,"Interlocuteur  √† l'√©couteInterlocuteur  √† l'√©coute, les explications on r√©pondu √† mes interrogations.Date of experience: April 27, 2023"
63,Orange Bank,BERNIE,2 reviews,FR,Bien la carte Orange Bank.,"May 26, 2023","Merci Bernard pour cette appr√©ciation et ces 4 belles √©toiles.Bonne journ√©e et √† bient√¥t,Margaux","May 31, 2023",4,Invited,"Bien la carte Orange Bank.Date of experience: November 08, 2022"
64,Orange Bank,Denis,1 review,FR,On es mis √† l'aise etc,"Dec 2, 2022",,,5,Invited,"On es mis √† l'aise etcDate of experience: December 01, 2022"
65,Orange Bank,Danielle,1 review,FR,PROBLEMES RESOLUS RAPIDEMENT,"Dec 2, 2022",,,5,Invited,"PROBLEMES RESOLUS RAPIDEMENTDate of experience: November 25, 2022"
66,Orange Bank,Kevin Ferhah,5 reviews,FR,L'attente moin long,"Dec 2, 2022",,,5,Invited,"L'attente moin longDate of experience: December 01, 2022"
67,Orange Bank,Francois,1 review,FR,contact direct facile.,"Dec 1, 2022",,,5,Invited,"contact direct facile.Date of experience: November 30, 2022"
68,Orange Bank,Pascal,1 review,FR,ORANGE MAGNIFIC !,"Nov 30, 2022",Bonjour PascalVotre commentaire nous va droit au c≈ìur ! Heureux de vous savoir ravi par les services de Orange BankPassez une belle journ√©e !Francis,"Dec 12, 2022",5,Invited,"ORANGE MAGNIFIC !Efficacit√© et ProfessionnalismeDate of experience: November 29, 2022"
69,Orange Bank,Bridel Ch.,1 review,FR,"Orange Bank, c'est TOP","Mar 29, 2023","Bonjour, Nous vous remercions pour ces belles √©toiles qui compl√®tent votre slogan g√©nial ! Je vous souhaite une belle journ√©e,Emma","Mar 30, 2023",5,Invited,"Orange Bank, c'est TOPDate of experience: March 20, 2023"
70,Orange Bank,Guy,1 review,FR,On a r√©pondu √† ma question et on a‚Ä¶,"Sep 29, 2022",,,5,Invited,"On a r√©pondu √† ma question et on a‚Ä¶On a r√©pondu √† ma question et on a r√©gl√© le probl√®meDate of experience: September 29, 2022"
71,Orange Bank,Nadine,1 review,FR,surprise de bon accueil positif merci,"Nov 4, 2022",,,5,Invited,"surprise de bon accueil positif merciDate of experience: November 04, 2022"
72,Orange Bank,Adam Bruckner,5 reviews,IE,everything worked very well with no‚Ä¶,"Nov 21, 2022","Hi Adam, Tahnk you very much for your feedbackHave a nice dayFrancis","Nov 26, 2022",4,Invited,"everything worked very well with no‚Ä¶everything worked very well with no problemsDate of experience: November 16, 2022"
73,Orange Bank,De Bouvere,1 review,FR,Banque au top!,"Nov 1, 2022",,,5,Invited,"Banque au top!Banque accessible et bonne communicationDate of experience: August 01, 2022"
74,Orange Bank,Marie Annick,1 review,FR,mise en route carte,"Oct 17, 2022",,,5,Invited,"mise en route cartecomplication de la mise en route d'une nouvelle carteDate of experience: October 17, 2022"
75,Orange Bank,Marco MAMANE,2 reviews,FR,magnifique merci orange bank,"Mar 16, 2023","Bonjour Marc,Je vous remercie pour votre superbe commentaire scintillant.Nous nous effor√ßons de vous satisfaire et de vous accompagner sereinement dans la d√©couverte de notre banque.N‚Äôh√©sitez pas √† nous recommander autour de vous, Vous avez d'autres avantages √† d√©couvrir.A tr√®s bient√¥t.C√©line Experte Orange Bank","Mar 17, 2023",5,Invited,"magnifique merci orange bankDate of experience: March 15, 2023"
76,Orange Bank,JEAN MARIE GOULT,2 reviews,FR,Orange bank,"Apr 2, 2023","Bonjour Jean-MarieComme de l'eau de roche en quelque sorte ? Merci pour ce t√©moignage limpide qui nous rafraichit et nous r√©jouit.√† bient√¥t,Margaux","Apr 4, 2023",5,Invited,"Orange bankC'est bon, c'est clair, c'est facileDate of experience: April 01, 2023"
77,Orange Bank,Fab,1 review,FR,Notifications de retrait en live,"Dec 22, 2022","Bonjour Fab, Oui tout est notifi√© :) Vous pouvez activer ou d√©sactiver cette fonction au besoin. Une bonne journ√©eFrancis","Jan 8, 2023",5,Invited,"Notifications de retrait en liveNotifications de retrait en live. 1+ üëçüèªDate of experience: December 21, 2022"
78,Orange Bank,betsch,2 reviews,FR,Bien Solution en attente,"Nov 7, 2022",,,5,Invited,"Bien Solution en attenteDate of experience: November 07, 2022"
79,Orange Bank,MichelPOUCHAIN,4 reviews,FR,BONNE INTERLOCUTRICE QUI A RESOLU‚Ä¶,"May 5, 2023",MERCI MICHEL POUR VOTRE TEMOIGNAGE 5 ‚ú®,"May 12, 2023",5,Invited,"BONNE INTERLOCUTRICE QUI A RESOLU‚Ä¶BONNE INTERLOCUTRICE QUI A RESOLU PROBLEME CONNECTION ACTIVATIONDate of experience: May 02, 2023"
80,Orange Bank,ZOUINA DERKOUCHI,9 reviews,FR,Application simple et efficace.,"Aug 26, 2023",Commentaire simple et efficace. Merci √† vous Zouina et excellente journ√©e.Lowen,"Aug 28, 2023",5,Invited,"Application simple et efficace.Date of experience: August 26, 2023"
81,Orange Bank,Marie-Christine Gantois,2 reviews,FR,Tr√®s bon contact.,"Oct 3, 2022",,,5,Invited,"Tr√®s bon contact.Tr√®s bon contact.Grande efficacit√© !Super !Date of experience: October 03, 2022"
82,Orange Bank,Kosynski,1 review,FR,Une application simple et efficace,"Oct 27, 2022",,,5,Invited,"Une application simple et efficaceDate of experience: October 26, 2022"
83,Orange Bank,Saadia,1 review,FR,Orange banque.fr excellente super tr√®s‚Ä¶,"Oct 4, 2022",,,5,Invited,"Orange banque.fr excellente super tr√®s‚Ä¶Orange banque.fr excellente super tr√®s bienDate of experience: April 04, 2022"
84,Orange Bank,Manuel,1 review,FR,Interlocuteur au top,"Sep 21, 2022","Bonjour Manuel, Merci de nous avoir fait confiance et de continuer sur cette lanc√©e. Nous ferons toujours au mieux pour ne pas vous d√©cevoir. Bonne journ√©e, Elodie. ","Sep 22, 2022",5,Invited,"Interlocuteur au topInterlocuteur au top facile √† joindre et efficace.Date of experience: September 21, 2022"
85,Orange Bank,cliente,5 reviews,FR,Tr√®s bon contact avec ORANGE BANK,"Sep 1, 2022",,,5,Invited,"Tr√®s bon contact avec ORANGE BANKTr√®s bon contact avec ORANGE BANKEfficace JE RECOMMANDEDate of experience: September 01, 2022"
86,Orange Bank,Danielle GARDIEN,2 reviews,FR,Utilisation de l'application tr√®s simple,"Jun 29, 2023","Merci Danielle pour votre avis laiss√© ici et la reconnaissance de notre savoir-faire au travers de l'utilisation simplifi√©e de l'app.Bonne journ√©e,Lucas","Updated Jul 3, 2023",5,Invited,"Utilisation de l'application tr√®s simpleDate of experience: June 27, 2023"
87,Orange Bank,Danielle GARDIEN,2 reviews,FR,Utilisation de l'application tr√®s simple,"Jun 29, 2023","Merci Danielle pour votre avis laiss√© ici et la reconnaissance de notre savoir-faire au travers de  l'utilisation simplifi√©e de l'app.Bonne journ√©e,Lucas","Updated Jul 3, 2023",5,Invited,"Utilisation de l'application tr√®s simpleDate of experience: June 27, 2023"
88,Orange Bank,Roche,1 review,FR,Au top,"Dec 23, 2022","Bonjour Cindy Roche Merci pour votre retour sur notre Service Client ! üíåNous nous employons chaque jour √† vous offrir le meilleur service client possible.A bient√¥t, Max, Expert Orange Bank.","Jan 18, 2023",5,Invited,"Au topEfficace, fonctionnel et pratiqueDate of experience: December 22, 2022"
89,Orange Bank,Patrick,1 review,FR,explications claires,"Feb 22, 2023",Bonjour Patrick; tr√®s bien merci beaucoup pour votre avis. une bonne journ√©eFrancis ,"Feb 25, 2023",5,Invited,"explications clairesexplications claires, et discussion fort agr√©ableDate of experience: February 21, 2023"
90,Orange Bank,Riwan Pixel,1 review,FR,Adrien le boss,"Nov 2, 2022",,,5,Invited,"Adrien le bossAdrien le boss merciDate of experience: November 02, 2022"
91,Orange Bank,Fanny  Ricard,3 reviews,FR,Application intuitive et simple‚Ä¶,"Aug 2, 2023","Bonjour Fanny, Merci beaucoup pour ce superbe retour. Une bonne journ√©eFrancis ","Aug 2, 2023",5,Invited,"Application intuitive et simple‚Ä¶Application intuitive et simple d'utilisationDate of experience: July 01, 2023"
92,Orange Bank,TESTARD,1 review,FR,Satisfaction de ma banque.,"Oct 27, 2022",,,5,Invited,"Satisfaction de ma banque.Date of experience: October 27, 2022"
93,Orange Bank,M.  Herv√© FAUX,6 reviews,FR,"Tres agreable, concise, tres pro","Dec 8, 2022",,,5,Invited,"Tres agreable, concise, tres proTres agr√©able, concise, tres proDate of experience: December 07, 2022"
94,Orange Bank,Patrick,1 review,FR,OK- parfait,"Sep 12, 2022",,,5,Invited,"OK- parfaitOK - parfait - oKOK - parfait - oKOK - parfait - oKDate of experience: September 12, 2022"
95,Orange Bank,Benjamin,1 review,FR,Simple et efficace,"Jan 9, 2023","Bonjour Benjamin, Merci pour ce joli retour √©toil√©.√Ä l‚Äôheure de la digitalisation des services bancaires, une Appli simple, s√©curis√©e et ergonomique est l'une de nos priorit√©. C'est pour cela nous mettons toujours au point notre application pour vous offrir le meilleur confort. A bient√¥t, Max, Expert Orange Bank. ","Jan 18, 2023",5,Invited,"Simple et efficaceSimple et efficace, parfait !!Date of experience: January 08, 2023"
96,Orange Bank,client(e)gilles pelachaud,5 reviews,FR,tres bonne experience,"Oct 27, 2022",,,5,Invited,"tres bonne experienceDate of experience: October 20, 2022"
97,Orange Bank,Olivier,3 reviews,FR,top le rpappel autotmatique,"Oct 19, 2022",,,5,Invited,"top le rpappel autotmatiqueDate of experience: October 19, 2022"
98,Orange Bank,Fr√©d√©ric,1 review,FR,La discussion sais super bien passer on‚Ä¶,"Sep 9, 2022","Bonjour Fr√©d√©ric,Merci pour votre retour.Nous sommes ravis d'arriver √† combler vos attentes : satisfaire nos clients est notre priorit√©.Excellente journ√©e,Elise","Sep 14, 2022",4,Invited,"La discussion sais super bien passer on‚Ä¶La discussion sais super bien passer on a eut les informations que l'on voulait merci pour tous et √† bient√¥tDate of experience: September 09, 2022"
99,Orange Bank,Jean Michel,1 review,FR,Interlocutrice attentive et efficace,"Oct 3, 2022",,,5,Invited,"Interlocutrice attentive et efficaceDate of experience: October 03, 2022"
100,Orange Bank,Mme Annabelle Gabriello,2 reviews,RE,Super,"Sep 22, 2022",,,5,Invited,"SuperJ'utilise orange bank sans crainte ‚úÖÔ∏èDate of experience: September 10, 2022"
101,Orange Bank,LAURENCE NAVARRO,2 reviews,FR,Orange bank,"Dec 26, 2022","Bonjour Laurence Navarro, Merci pour votre retour positif.  Nous nous effor√ßons √† aider nos clients √† passer moins de temps  √† g√©rer leurs comptes gr√¢ce au ""solde en temps r√©el"". A bient√¥t, Max, Expert Orange Bank. ","Jan 18, 2023",5,Invited,"Orange bankPratique. Solde mis √† jour.Date of experience: December 25, 2022"
102,Orange Bank,Bruno,1 review,FR,Au top,"Oct 19, 2022",,,5,Invited,"Au topSuper au top d√®s topDate of experience: October 19, 2022"
103,Orange Bank,Blot,2 reviews,FR,Application simple,"Sep 22, 2023","Bonjour Blot, Nous sommes ravis de lire que vous avez tout particuli√®rement appr√©ci√© la simplicit√© et donc la rapidit√© de nos services. Nous nous tenons √† votre disposition √† tout moment !Une bonne journ√©e, Max  ","Sep 23, 2023",5,Invited,"Application simpleDate of experience: September 20, 2023"
104,Orange Bank,cvmep,12 reviews,FR,PARFAIT PARFAIT PARFAIT,"Oct 19, 2022",,,5,Invited,"PARFAIT PARFAIT PARFAITDate of experience: October 19, 2022"
105,Orange Bank,Perrogon,3 reviews,FR,Parfait,"Jan 29, 2023","Bonjour Perrogon, Merci pour votre avis tr√®s positif. üëçNous sommes ravis que nos services soient √† la hauteur de vos esp√©rances.üòç‚ÄäBonne fin de journ√©e, Max","Feb 1, 2023",5,Invited,"ParfaitParfaitSimple et efficaceDate of experience: January 28, 2023"
106,Orange Bank,Clain √âric,1 review,RE,Services impeccable,"Oct 23, 2022",,,5,Invited,"Services impeccableDate of experience: September 14, 2022"
107,Orange Bank,St√©phania,3 reviews,RE,La star,"Oct 24, 2022",,,5,Invited,"La starSuper merci au topDate of experience: October 24, 2022"
108,Orange Bank,Pascale Hay,5 reviews,FR,Facile d usage,"Dec 22, 2022","Bonjour Pascale, Merci pour votre retour. Bon apparemment tout n'√©tait pas parfait.  Ne pas h√©siter √† nous en dire davantage sur webmaster@orangebank.frUne bonne journ√©eFrancis ","Dec 23, 2022",3,Invited,"Facile d usageVirements faciles, cashbak sur paiement √† Orange, parfait !Date of experience: December 21, 2022"
109,Orange Bank,NBS,1 review,FR,Excellente bank en ligne !,"Dec 28, 2022",Bonjour Merci beaucoupUne bonne journ√©eFrancis,"Jan 8, 2023",5,Invited,"Excellente bank en ligne !Date of experience: December 27, 2022"
110,Orange Bank,Aboulouafa,1 review,FR,App simple,"Dec 26, 2022","Bonjour  Aboulouafa said, Merci pour ces belles √©toiles üòä . Nous travaillons quotidiennement √† l'optimisation de notre App afin d'apporter plus de d'ergonomie, d'efficience et de r√©activit√©.A bient√¥t, Max, Expert Orange Bank.","Jan 18, 2023",5,Invited,"App simpleApp simple, rapide et safeDate of experience: December 19, 2022"
111,Orange Bank,Klein,1 review,FR,Rapide. Klein,"Oct 23, 2022",,,5,Invited,"Rapide. KleinRapide la solutionDate of experience: October 09, 2022"
112,Orange Bank,Audrouing,1 review,FR,simple et efficace,"Oct 22, 2022",,,5,Invited,"simple et efficaceDate of experience: October 22, 2022"
113,Orange Bank,Eve Antcap,2 reviews,FR,Tr√®s bon service client,"Oct 4, 2022",,,5,Invited,"Tr√®s bon service clientDate of experience: October 04, 2022"
114,Orange Bank,POMARES Georgette,2 reviews,FR,simple et efficace.,"Mar 25, 2023","Merci Georgette  pour votre pragmatisme. C'est tout √† fait ce que nous souhaitons offrit √† nos clients : Simplicit√© d'utilisation, Efficacit√© de l'Application et du service client.Bonne journ√©e et √† tr√®s vite,Lucas","Mar 30, 2023",4,Invited,"simple et efficace.Date of experience: March 24, 2023"
115,Orange Bank,Bruno,3 reviews,FR,Interlocuteur efficace et aimable....,"Sep 8, 2022","Bonjour Bruno, Merci pour ce retour positif. Nos conseillers font toujours le leur mieux pour vous r√©pondre clairement et efficacement pour qu'√† la fin de la discussions vous soyez serein et satisfait. Bonne journ√©e, Elodie.","Sep 22, 2022",5,Invited,"Interlocuteur efficace et aimable....Date of experience: February 06, 2022"
116,Orange Bank,Valerie Rouger,3 reviews,FR,Demande d'information,"Nov 9, 2022","Bonjour Val√©rie, j'esp√®re que vous avez eu l'ensemble des infos que vous vouliez sur la carte premium. Ne pas h√©siter √† me poser des questions au besoin webmaster@orangebank.frUne bonne journ√©eFrancis","Nov 26, 2022",4,Invited,"Demande d'informationQuestion sur activation carte premiumDate of experience: November 09, 2022"
117,Orange Bank,SG,1 review,FR,Application simple et efficace.,"Apr 23, 2023","Merci pour ce rappel toujours utile par votre appr√©ciation simple mais efficace.Bonne journ√©e,Lucas","Apr 24, 2023",5,Invited,"Application simple et efficace.Date of experience: January 14, 2023"
118,Orange Bank,Aude,1 review,FR,J adore cette application,"May 30, 2023","Merci Aude pour votre enthousiasme qui, nous l'esp√©rons, sera communicatif. On vous adore.Bonne journ√©e √† vous,Lucas","May 31, 2023",5,Invited,"J adore cette applicationDate of experience: May 29, 2023"
119,Orange Bank,M. LORRAIN,10 reviews,FR,Application bien faite et fonctionnelle,"Apr 26, 2023","Bonjour S√©bastien,Merci pour ce joli compliment. Nous sommes heureux de vous l'entendre dire.√† bient√¥t,Margaux","Apr 26, 2023",5,Invited,"Application bien faite et fonctionnelleDate of experience: April 25, 2023"
120,Orange Bank,MAOUCHE,4 reviews,FR,Excellente communication,"Feb 23, 2023","Bonjour √† tous, Merci beaucoup pour votre avis, cela fait plaisir. une bonne journ√©eFrancis ","Feb 25, 2023",5,Invited,"Excellente communicationExcellente communication, r√©activit√© et solutions .Date of experience: February 22, 2023"
121,Orange Bank,Claude,1 review,FR,solution trouv√©e,"Nov 7, 2022","Bonjour Claude, Op√©rateur, banque, toute situation √† une solutionUne bonne journ√©eFrancis","Nov 26, 2022",4,Invited,"solution trouv√©eoperateur pro, et solution trouv√©eDate of experience: November 07, 2022"
122,Orange Bank,Julien,1 review,FR,Total respect,"Feb 3, 2023","Bonjour Julien, Merci d'avoir pris le temps de laisser votre avis. Je suis content de constater que l'accueil qui vous a √©t√© r√©serv√© vous a combl√©.A bient√¥t, Max ","Feb 4, 2023",5,Invited,"Total respectProfessionnalisme de mon interlocuteur, clart√©Date of experience: February 02, 2023"
123,Orange Bank,claire masson,4 reviews,FR,Super tirelire,"Oct 22, 2022",,,5,Invited,"Super tirelireDate of experience: October 20, 2022"
124,Orange Bank,Jean No√´l NAZE,2 reviews,RE,Accord du Credit rapidement,"Jun 4, 2023","Bonjour Jean No√´l,C'est le principe de notre Offre Pr√™t Express. Nous sommes tr√®s heureux que vous en ayez eu le b√©n√©fice.Bonne journ√©e,Lowen","Jun 5, 2023",4,Invited,"Accord du Credit rapidementDate of experience: March 04, 2023"
125,Orange Bank,Monsieur BLANC,2 reviews,FR,interlocutrice adequate,"Apr 13, 2023","Bonjour Albert,Merci pour votre avis laiss√© ici et cette reconnaissance de la qualit√© de notre service client.Bonne journ√©e √† vous,Lucas","Apr 13, 2023",5,Invited,"interlocutrice adequatereactivite,bonne comprehention du problemeDate of experience: April 12, 2023"
126,Orange Bank,David,1 review,FR,belle,"Dec 19, 2022",,,5,Invited,"belletrop cool merci a voussDate of experience: December 18, 2022"
127,Orange Bank,Valerie,1 review,FR,Orange bank,"Jan 24, 2023","Bonjour Val√©rie, Eh bien, je suis heureux d'entendre que vous √™tes satisfait de la fa√ßon dont nous avons trait√© notre consultant.üòä Nos employ√©s sont d√©termin√©s √† vous fournir toute leur expertise afin de r√©pondre au mieux √† vos attentes.üëçJe vois que vous √™tes d√©j√† cliente premium et que vous b√©n√©ficiez de la carte premium. Dans ce cas, apr√®s avoir opt√© pour le Premium Pack, vous conservez toujours la m√™me carte. En cas de questions, nos experts sont √† votre disposition sur webmaster@orangebank.fr Bonne journ√©e, Max","Updated Jan 25, 2023",4,Invited,"Orange bankPersonnel agreable et bonne explication dans l attente de r√©ception de cartes bancairesDate of experience: January 23, 2023"
128,Orange Bank,Lilly,1 review,RE,Bonne experience,"Jan 24, 2023","Bonjour Lilly, Ravi de vous l'entendre dire üòçL'objectif est de vous faire b√©n√©ficier de la meilleure qualit√© de service client.A bient√¥t, Max","Jan 24, 2023",4,Invited,"Bonne experienceDate of experience: December 12, 2022"
129,Orange Bank,FLora,1 review,FR,Quand on pose une question a djingo il‚Ä¶,"Sep 28, 2022",,,4,Invited,"Quand on pose une question a djingo il‚Ä¶Quand on pose une question a djingo il repond augre chose que la reponse attendue.Date of experience: September 28, 2022"
130,Orange Bank,RENE GAULT,2 reviews,FR,all is alright,"Oct 21, 2022",,,5,Invited,"all is alrightDate of experience: October 21, 2022"
131,Orange Bank,Jovan,1 review,FR,Super !,"Feb 18, 2023","Bonjour Jovan, merci beaucoup pour votre recommandation. Une bonne journ√©eFrancis","Feb 24, 2023",4,Invited,"Super !Super rapide Merci !Date of experience: February 17, 2023"
132,Orange Bank,Christian,5 reviews,FR,Simple,"Jan 29, 2023","Bonjour Christian, Je suis ravi de constater votre satisfaction‚Ääüòâ. Nous restons √† votre disposition pour tout besoin d'accompagnement concernant vos transactionsA bient√¥t, Max","Updated Feb 1, 2023",5,Invited,"SimpleProgrammer un virementDate of experience: January 26, 2023"
133,Orange Bank, Martine,4 reviews,FR,Service client correct,"Jan 28, 2023","Bonjour Martine, Merci pour vos belles √©toilesü§©! Votre satisfaction est notre priorit√©. Bonne journ√©e, Max ","Feb 3, 2023",5,Invited,"Service client correctDate of experience: January 27, 2023"
134,Orange Bank,Mauger,1 review,FR,simple pratique efficace,"Oct 1, 2022",,,5,Invited,"simple pratique efficaceDate of experience: January 01, 2022"
135,Orange Bank,Vanessa,1 review,FR,Service client au top,"Jan 5, 2023","Bonjour Vanessa, Merci beaucoup √ßa nous touche car c'est un travail quotidien r√©compens√© a travers vos mots ! Une bonne journ√©eFrancis","Jan 5, 2023",5,Invited,"Service client au topDate of experience: January 04, 2023"
136,Orange Bank,Serot,1 review,FR,C'est simple a utilisiser,"Mar 24, 2023","C'est simple comme ""Bonjour"" , √ßa se fait du bout des doigts , et si vous avez le moindre probl√®me il suffit de lever le petit doigt ... et nous serons l√† pour vous r√©pondre.Merci pour toutes ces √©toiles qui se comptent sur les doigts d'une main... (Mais il en manque un ! Ah oui, toujours le m√™me : le petit doigt... mais ce sera pour la prochaine fois )Bonne journ√©e √† vousRomain","Mar 30, 2023",4,Invited,"C'est simple a utilisiserDate of experience: March 23, 2023"
137,Orange Bank,GH,1 review,FR,facilit√© d'usage de l'application,"Jun 29, 2023","Merci pour votre avis laiss√© ici et la reconnaissance de notre savoir-faire au travers de l'utilisation simplifi√©e de l'app.Bonne journ√©e,Lucas","Jul 3, 2023",5,Invited,"facilit√© d'usage de l'applicationDate of experience: June 27, 2023"
138,Orange Bank,Helene,1 review,FR,Service client au top,"Dec 31, 2022","Bonjour H√©l√©ne, Nos clients sont au top ! Une bonne journ√©eFrancis","Jan 8, 2023",5,Invited,"Service client au topDate of experience: December 30, 2022"
139,Orange Bank,Bruno Thore,2 reviews,FR,Tr√®s Bon Relationnel  .,"Sep 13, 2022","Bonjour Bruno,Merci de souligner la qualit√© de l'√©change avec votre interlocuteur.Nous restons √† disposition si n√©cessaire üòâA bient√¥t,Philippe","Sep 22, 2022",5,Invited,"Tr√®s Bon Relationnel  .Date of experience: September 13, 2022"
140,Orange Bank,BENHEDROUG GHAZALI,1 review,FR,9/10,"Mar 25, 2023","Bonjour GhazaliMerci pour votre soutien. Nous vous aimerons aussi si vous nous rejoignez ou faites appel √† nous sur nos nouvelles offres.√† tr√®s bient√¥t,Margaux","Mar 30, 2023",4,Invited,"9/10J'aimerais bien orange bankDate of experience: February 01, 2023"
141,Orange Bank,Louis,1 review,FR,Top üòÅ,"Oct 18, 2022",,,5,Invited,"Top üòÅToptbjrbbr rDate of experience: October 18, 2022"
142,Orange Bank,Gevrey,5 reviews,FR,Service client au top,"Sep 29, 2022",,,5,Invited,"Service client au topDate of experience: September 17, 2022"
143,Orange Bank,Daniele,2 reviews,FR,Satisfaction du client,"Sep 26, 2022",,,5,Invited,"Satisfaction du clientDate of experience: September 27, 2021"
144,Orange Bank,MARIE CHRISTINE ,2 reviews,FR,Commercial au top,"Oct 6, 2022",,,5,Invited,"Commercial au topDate of experience: October 06, 2022"
145,Orange Bank,Hivert,1 review,FR,Orange bank,"Sep 23, 2022",,,5,Invited,"Orange bankFacile √† utiliserDate of experience: September 23, 2022"
146,Orange Bank,DANIELE,1 review,FR,Tr√®s bons contacts,"Sep 20, 2022","Bonjour Daniele, Merci pour ce retour √©toil√©. Nous sommes combl√©s et ravis de savoir que la prise en charge dont vous avez b√©n√©fici√© a √©t√© bonne. Agr√©able journ√©e, Elodie.","Sep 22, 2022",5,Invited,"Tr√®s bons contactsDate of experience: September 20, 2022"
147,Orange Bank,Ajavon,1 review,FR,Service tr√®s positive,"Sep 2, 2022",,,5,Invited,"Service tr√®s positiveDate of experience: September 02, 2022"
148,Orange Bank,Adeel,1 review,FR,excellent travail,"Jan 30, 2023","Bonjour Adeel,Vos belles √©toiles valorisent notre service de qualit√© üåü !Merci pour ce retour. üòçA bient√¥t,Max","Feb 1, 2023",5,Invited,"excellent travailDate of experience: January 29, 2023"
149,Orange Bank,FREDERIC LEMAITRE,2 reviews,FR,Sans contact,"Dec 26, 2022","Bonjour Frederic, Oui le sans contact est sympathique et bien pratique au quotidien (surtout avec le smartphone). Une bonne journ√©eFrancis","Updated Jan 8, 2023",5,Invited,"Sans contactSimple et efficaceDate of experience: December 25, 2022"
150,Orange Bank,Garsiaa,2 reviews,FR,Merci,"Dec 23, 2022","Bonjour Garsiaa, Merci pour ce retour d'exp√©rience ! üíåNous recommander est l'une des plus belles r√©compenses que vous pouviez nous offrir. ü•≥A tr√®s bient√¥t, Max, Expert Orange Bank. ","Jan 18, 2023",5,Invited,"MerciMerci orange bankDate of experience: December 22, 2022"
151,Orange Bank,Giuseppe,1 review,FR,Application facile √† utiliser,"May 6, 2023",Merci Giuseppe de venir en t√©moigner.Bonne journ√©e :),"May 11, 2023",5,Invited,"Application facile √† utiliserDate of experience: February 04, 2023"
152,Orange Bank,RC,1 review,AU,don't go there for any home loans,"Sep 9, 2022","Bonjour RC,Merci pour votre retour, je suis sinc√®rement navr√©e pour les difficult√©s que vous rencontrez.Apr√®s v√©rification je constate que vous √™tes sur une offre Orange Bank anciennement appel√©e Groupama Banque et afin de vous venir en aide vous pouvez nous √©crire √†  service.clients@gbanque.fr ou contacter le service client au 09.69.32.20.20, d√®s r√©ception votre demande sera prise en charge par un expert.Belle journ√©e √† vousElise","Sep 14, 2022",1,Invited,"don't go there for any home loansdon't go there for any home loans don't trust or wait for there managers hope less dealingsDate of experience: August 31, 2022"
153,Orange Bank,Mohammed,1 review,FR,Merci beaucoup,"Sep 22, 2022","Bonjour Mohammed, Merci pour ces belles √©toiles vertes et pour votre commentaire. Nous sommes heureux de savoir que l'application r√©pond √† vos attentes et √† vos exigences. Belle journ√©e, Elodie.","Sep 22, 2022",5,Invited,"Merci beaucoupapplication orangeDate of experience: September 22, 2022"
154,Orange Bank,Futu,1 review,FR,Cool,"Sep 27, 2022",,,5,Invited,"CoolCool orange bankDate of experience: September 27, 2022"
155,Orange Bank,Michel,1 review,FR,impeccable :),"Oct 4, 2022",,,5,Invited,"impeccable :)Date of experience: October 04, 2022"
156,Orange Bank,RAMZI BEN HMIDANE,2 reviews,FR,Application simple et convivial,"Mar 28, 2023","Bonjour Ramzi,Nous vous remercions pour vos belles √©toiles;Nous sommes heureux de constater que la simplicit√© de nos services vous apporte grande satisfaction.N'h√©sitez pas √† nous recommander autour de vous.A tr√®s bient√¥t.C√©line Experte orange Bank.","Mar 30, 2023",5,Invited,"Application simple et convivialDate of experience: January 31, 2023"
157,Orange Bank,Christelle,1 review,FR,super,"Sep 27, 2022",,,5,Invited,"supersuper accueilleDate of experience: September 27, 2022"
158,Orange Bank,B.L.,4 reviews,FR,Application au top,"Apr 26, 2023","Bonjour JeanC'est vous qui √™tes au top ! Client depuis 2019 et pourtant content comme si c'√©tait tout neuf !Merci pour votre fid√©lit√©. Pensez √† profiter de notre programme de parrainage en en parlant autour de vous.√† bient√¥t,Margaux","May 3, 2023",5,Invited,"Application au topDate of experience: April 22, 2023"
159,Orange Bank,ANDRE,1 review,FR,Tr√®s bon service,"Dec 13, 2022","Bonjour Andre, Merci pour votre avis. Un plaisir de vous lire. Une bonne journ√©eFrancis ","Dec 14, 2022",5,Invited,"Tr√®s bon serviceDate of experience: September 08, 2022"
160,Orange Bank,Marie Helene,1 review,FR,clair,"Oct 19, 2022",,,4,Invited,"claircorrespondante agreable, explications clairesDate of experience: October 19, 2022"
161,Orange Bank,SERBY,2 reviews,FR,Bonne relation,"Sep 27, 2022",,,5,Invited,"Bonne relationDate of experience: September 27, 2022"
162,Orange Bank,STEPHANE LANGE,2 reviews,FR,Merci beaucoup madame,"Feb 18, 2023","Bonjour St√©phane, De rien a bient√¥t Francis ","Feb 25, 2023",5,Invited,"Merci beaucoup madameDate of experience: February 17, 2023"
163,Orange Bank,Ga√´tan Lewintre,3 reviews,FR,Simple et efficace,"Dec 23, 2022","Bonjour Ga√´tan Lewintre, Je vous remercie pour ces belles √©toiles üòäüòäNous sommes ravis de vous accompagner chaque jour.Belle journ√©e √† vous,Max, Expert Orange Bank.","Jan 18, 2023",5,Invited,"Simple et efficace23 d√©cembre 2022Date of experience: December 22, 2022"
164,Orange Bank,Dimitri TIMOCHENKO,8 reviews,FR,question repondu,"Dec 12, 2022","Bonjour Dimitri, Avis re√ßu :)Une bonne journ√©eFrancis","Dec 12, 2022",5,Invited,"question reponduDate of experience: December 11, 2022"
165,Orange Bank,Mohamed KE√èTA,3 reviews,FR,Super,"Jan 28, 2023","Bonjour Mohamed KE√èTA, Un grand merci √† vous üòçInutile d'en dire plus vos belles √©toiles sont notre plus belle r√©compense !A tr√®s vite, Max","Feb 1, 2023",5,Invited,"SuperSuper. Merci !Date of experience: January 27, 2023"
166,Orange Bank,Yves,1 review,FR,Appli fluide,"Sep 1, 2022",,,5,Invited,"Appli fluideApplication fluide.Date of experience: September 01, 2022"
167,Orange Bank,Al Shaikh Haidar,3 reviews,FR,nice,"Dec 29, 2022","Hello, A pleasure to discuss with youhave a nice dayFrancis","Jan 8, 2023",5,Invited,"niceNice de see youDate of experience: December 01, 2022"
168,Orange Bank,Fabrice,1 review,RE,Service parfait,"Sep 13, 2022","Bonjour Fabrice,Nous nous effor√ßons d‚Äôoffrir √† nos clients des services de qualit√©, et sommes heureux d‚Äôavoir pu vous en faire b√©n√©ficier.A bient√¥t,Philippe","Sep 22, 2022",5,Invited,"Service parfaitDate of experience: September 13, 2022"
169,Orange Bank,Mohamed Arslan,1 review,FR,Excellent,"Mar 27, 2023","Bonjour Mohamed, Nous vous remercions et sommes ravis d'avoir votre retour sur votre satisfaction üòäAu plaisir,Emma.","Updated Mar 30, 2023",5,Invited,"ExcellentVraiment au topDate of experience: March 26, 2023"
170,Orange Bank,Muriel Rose,1 review,FR,"Humanisme, patience, efficacit√©","Apr 20, 2023","Bonjour Muriel,A l'instar de la devise fran√ßaise, je pense que nous allons adopter la votre pour le service client Orange Bank et l'inscrire en lettres d'or quelque part dans le d√©cor.‚ú® ""Humanisme, Patience, Efficacit√©""‚ú®Merci pour cet avis d'une efficacit√© √©galement totale .Bonne journ√©e Romain","Apr 20, 2023",5,Invited,"Humanisme, patience, efficacit√©Efficacit√© totaleDate of experience: April 19, 2023"
171,Orange Bank,Karim,13 reviews,FR,Service au top,"Dec 21, 2022","Bonjour Karim, Nos clients sont top ! Une bonne journ√©eFrancis","Jan 8, 2023",5,Invited,"Service au topDate of experience: December 19, 2022"
172,Orange Bank,Claudine,1 review,FR,Dialogue constructive,"Nov 4, 2022","Bonjour Claudine, Un √©change appr√©ciable avec notre √©quipe. Merci beaucoupUne bonne journ√©eFrancis","Nov 26, 2022",4,Invited,"Dialogue constructiveDate of experience: November 04, 2022"
173,Orange Bank,Client DUBOIS Michel,2 reviews,FR,Michel,"Jan 18, 2023","Bonjour Michel DUBOIS, Merci pour ce commentaire positif ! Nous sommes heureux que vous soyez satisfait par nos services. A tr√®s bient√¥t,Max. ","Jan 19, 2023",5,Invited,"Micheltres comtentDate of experience: January 17, 2023"
174,Orange Bank,M. Depoutot,2 reviews,FR,oui oui oui,"May 22, 2023","Merci Jean-Fran√ßois pour ce consentement qui scelle ainsi notre partenariat auquel nous souhaitons ""longue vie"".","May 23, 2023",5,Invited,"oui oui ouioui oui oui oui ouiDate of experience: April 30, 2023"
175,Orange Bank,pota,1 review,FR,tres pratique,"Dec 26, 2022","Bonjour Pota, Merci pour ce beau retour üòäN'h√©sitez pas √† recommander Orange Bank √† votre entourage ü•≥. Pour cela, suivez le lien https://www.orangebank.fr/avantages/parrainage/Bonne journ√©e, Max, Expert Orange Bank.","Updated Jan 18, 2023",5,Invited,"tres pratiqueDate of experience: December 25, 2022"
176,Orange Bank,Hichem,1 review,FR,Excellente merci beaucoup,"Mar 9, 2023","Bonjour Hichem, Bienvenue chez Orange Bank ! Merci pour votre avis !Excellente journ√©e √† vous.K√©vin.","Mar 10, 2023",5,Invited,"Excellente merci beaucoupExcellente merciDate of experience: March 08, 2023"
177,Orange Bank,Fr√©d√©ric Ren√© Roger MAURIN,3 reviews,FR,Qualit√© de l'interlocutrice,"Mar 17, 2023","Bonjour Fr√©d√©ric Ren√© Roger MAURIN,Merci pour ces superbes √©toiles qui nous poussent chaque jours √† viser encore plus la lune üòç.Belle journ√©e √† vous.C√©line Experte Orange Bank ","Mar 20, 2023",5,Invited,"Qualit√© de l'interlocutriceDate of experience: February 16, 2023"
178,Orange Bank,Nicole Lopez Beltran,3 reviews,FR,Tr√®s utile..,"May 23, 2023",Merci Nicole pour cette reconnaissance. Bonne journ√©e avec Orange Bank et son Appli.,"May 23, 2023",5,Invited,"Tr√®s utile..Date of experience: May 19, 2023"
179,Orange Bank,Phillipe,4 reviews,FR,Application qui bug et service client‚Ä¶,"Oct 1, 2022",,,2,,"Application qui bug et service client‚Ä¶Application qui bug et service client difficile √† avoir.Date of experience: September 29, 2022"
